addr_ctpv_nm,nation_yn,faci_daddr,row_num,base_ymd,faci_stat_nm,reg_dt,inout_gbn_nm,faci_lat,faci_zip,faci_gfa,faci_road_daddr,faci_cd_hash,ftype_nm,cpb_nm,addr_emd_nm,addr_cpb_nm,faci_road_zip,faci_tel_no,faci_lot,updt_dt,faci_gb_nm,cp_nm,faci_nm,faci_road_addr,atnm_chk_yn,fcob_nm,faci_addr
"경기도","N","1층",1,"20220506","정상운영","2022-05-12","실내","37.3291131212365","16812",274,"1층","2Zoheqh8WUlJpfQHeDhvfYHwRpCbshO4BBAX/0KfWI8=","농구","용인시","신봉동","용인시","16812","031-266-5779","127.071832296201","2023-01-31","신고","경기도","제이비스포츠","경기도 용인시 수지구 신봉2로 94-6(신봉동)","Y","체육교습업","경기도 용인시 수지구 신봉동 942-1"
"경기도","N","",2,"20220707","정상운영","2023-01-26","없음","0","16804",300,"1층 (성복동)","5VMSjSJEod0L5ub6eTxTWwFFNHMH+6qlWDN0s136UlI=","농구","용인시","","용인시","16804","031-0000-0000","0","2023-01-31","신고","경기도","마스터욱","경기도 용인시 수지구 성복2로 369(성복동)","Y","체육교습업","경기도 용인시 수지구 성복동 628-13"
"대구광역시","N","4층",3,"20211020","정상운영","2021-11-08","실내","35.9432935528133","41422",140,"4층","gjtZOomguZipfjW1Y6bDFagXITT8NLT4zvMwLMR00NE=","농구","북구","동천동","북구","41422","070-4320-1311","128.555376297667","2023-02-14","신고","대구광역시","더퍼스트스포츠에듀케이션","대구광역시 북구 동천로23길 50(동천동)","Y","체육교습업","대구광역시 북구 동천동 969-6"
"대전광역시","N","",4,"20230207","정상운영","2023-03-15","없음","36.3466815986559","35253",607,"","","농구","서구","탄방동","서구","35253","042-533-4747","127.401274283416","2023-03-15","신고","대전광역시","천마스포츠센터","대전광역시 서구 유등로669번길 1(탄방동)","Y","체육교습업","대전광역시 서구 탄방동 1478-3"
"경기도","N","",5,"20220719","정상운영","2023-02-02","없음","37.5949781520072","10131",499,"","M2MOW6mCG0E+/SmS3GH15NRfmJptJt5BoTmwT2fRZUQ=","농구","김포시","태리","김포시","10131","","126.750886483723","2023-02-02","신고","경기도","코리아농구교실","경기도 김포시 고촌읍 태리로190번길 80-18","Y","체육교습업","경기도 김포시 고촌읍 태리 134-1"
"경기도","N","",6,"20230119","정상운영","2023-02-01","없음","37.6666625450679","10053",440,"","zHj7NJt+ccisnH3YGDw4fit/q1kxnN066TjelXbRlVA=","농구","김포시","누산리","김포시","10053","031-988-5947","126.65802295513","2023-02-01","신고","경기도","코리아농구교실 김포1지점","경기도 김포시 양촌읍 누산로 54","Y","체육교습업","경기도 김포시 양촌읍 누산리 173"
"경기도","N","",7,"20210329","정상운영","2021-12-31","없음","37.7323599767064","10895",359,"6층 601호 (와동동)","TTo8Jka+pIqQWJ4ytg9URau/XMUxY23Ye2VbP5Msr+Q=","농구","파주시","","파주시","10895","031-948-9919","126.751622505969","2023-02-28","신고","경기도","라이킷스포츠아카데미","경기도 파주시 미래로602번길 43(와동동)","Y","체육교습업","경기도 파주시 와동동 1302-2"
"부산광역시","N","오산교회 3,4층 (중동)",8,"20220525","정상운영","2022-10-26","없음","35.1621537307729","48105",407,"오산교회 3,4층 (중동)","eQYYPDf3klY4XzqnncO58UBocLRnDcs/aSUgGdCYNIw=","농구","해운대구","중동","해운대구","48105","","129.175219995803","2023-01-28","신고","부산광역시","THE GRIT(더 그릿)","부산광역시 해운대구 좌동순환로 414(중동)","Y","체육교습업","부산광역시 해운대구 중동 904-1 오산교회"
"경상북도","N","",9,"20221014","정상운영","2023-02-07","없음","0","37159",12147,"(계산동)","","농구","상주시","","상주시","37159","054-534-0788","0","2023-02-07","신고","경상북도","상주삼백농구스포츠클럽","경상북도 상주시 북상주로 24-7(계산동)","Y","체육교습업","경상북도 상주시 계산동 474-1 상주시민운동장"
"경기도","N","1층",10,"20230310","정상운영","2023-04-04","없음","37.6310205930406","10433",393,"1층","","농구","고양시","백석동","고양시 일산동구","10433","","126.786208144932","2023-04-04","신고","경기도","GPNB","경기도 고양시 일산동구 장항로 73-3 (백석동)","Y","체육교습업","경기도 고양시 일산동구 백석동 1115-4"
"충청북도","N",",",11,"20211015","정상운영","2021-11-30","실내","36.600040493342","28621",491,"","XG7nkdfvlSY7QnITPe1HCQwK+n7KWKo6aazaavMXwjs=","농구","청주시","성화동","청주시 서원구","28621","","127.449488557585","2023-05-05","신고","충청북도","올스타 키크는 농구교실","충청북도 청주시 서원구 2순환로1530번길 116(성화동)","Y","체육교습업","충청북도 청주시 서원구 성화동 336-1"
"대전광역시","N","5층 2,3호",12,"20220804","정상운영","2023-02-14","실내","36.3513195797309","34550",200,"5층 2,3호","","농구","동구","용전동","동구","34550","","127.441108557432","2023-02-15","신고","대전광역시","점프농구교실","대전광역시 동구 한밭대로 1322(용전동)","N","체육교습업","대전광역시 동구 용전동 54-2"
"세종특별자치시","N","",13,"20211119","정상운영","2021-11-22","실내","36.4939355600995","30055",412,"","QpFpgnttk2o/8NiGtifQ5XLytnav+j5nAzX5CmTLJFI=","농구","세종시","봉안리","세종시","30055","","127.235986985664","2023-04-28","신고","세종특별자치시","탑 농구교실","세종특별자치시 장군면 당암길 100-21","Y","체육교습업","세종특별자치시 장군면 봉안리 27"
"광주광역시","N","",14,"20211111","정상운영","2022-03-29","실내","35.1059036523963","61743",0,"","j27/BpFhvE3bJJLvDu88dZPetWBhFN6C3CD1290qp8o=","농구","남구","진월동","","61743","","126.89616993457","2023-03-16","신고","광주광역시","농구교실 JH","광주광역시 남구 효덕로 277(진월동)","Y","체육교습업","광주광역시 남구 진월동 592-1 광주대학교"
"경기도","N","",15,"20220929","정상운영","2023-01-30","없음","37.3430807801627","16802",498,"","cp22DARh8WlStOlYMDi4O7FnfA8e/JrlnIJW0X/UHO4=","농구","용인시","동천동","용인시","16802","","127.060624877289","2023-05-10","신고","경기도","더모스트베스킷볼","경기도 용인시 수지구 동천로 417-1(동천동)","Y","체육교습업","경기도 용인시 수지구 동천동 625-1"
"부산광역시","N","",16,"20220216","정상운영","2022-06-28","없음","35.0772995308949","49106",173,"","ksFzqrSpJM50U0/bekx+iecUcC6WIhAKah0L+AbkEbg=","농구","영도구","동삼동","영도구","49106","","129.070332337469","2023-03-04","신고","부산광역시","인피니트 스포츠(영도점)","부산광역시 영도구 동삼로 45(동삼동)","Y","체육교습업","부산광역시 영도구 동삼동 328"
"경기도","N","",17,"20211119","정상운영","2021-11-22","없음","37.153305830174","18148",495,"","VGcUwNLDj5gi6Uxrhn5qiLi5pUfCQlgKth+TSG4fhuA=","농구","오산시","부산동","오산시","18148","031-376-5265","127.087984534019","2023-03-08","신고","경기도","더 모스트 트레이닝 랩","경기도 오산시 동부대로568번길 87-17(부산동)","Y","체육교습업","경기도 오산시 부산동 471 (가동),(나동)"
"인천광역시","N","",18,"20220204","정상운영","2022-05-04","없음","","21005",396,"4동 (선주지동)","Lfrfh+rPEPTgKvmIKDKO0SUprwtuE0cxtt8NWkj9xFQ=","농구","계양구","선주지동","계양구","21005","","","2023-02-17","신고","인천광역시","코리아 농구교실","인천광역시 계양구 선주로54번길 12, 4동 (선주지동)","Y","체육교습업","인천광역시 계양구 선주지동 114-6 "
"서울특별시","N","지2층 B201호 (상수동, 상수크리원)",19,"20220713","정상운영","2022-12-14","없음","37.5454085678653","04075",263,"지2층 B201호 (상수동, 상수크리원)","/oA7e26SUjoCvGj32/OtPiX+zC8Ig/TW/wpCOIoHe18=","농구","마포구","상수동","마포구","04075","","126.925409640381","2023-04-07","신고","서울특별시","제이에스아레나(스티즈농구교실마포점)","서울특별시 마포구 토정로 131(상수동, 상수크리원)","Y","체육교습업","서울특별시 마포구 상수동 355-2 상수크리원"
"경기도","N","2층 201호",20,"20221121","정상운영","2023-01-05","없음","37.2340794944059","17049",259,"2층 201호","Ca8X4NR7IuRXmMjUWm1Bo2Ayao+ARE9EIH4+u4cDfWs=","농구","용인시","김량장동","용인시 처인구","17049","","127.19773352086","2023-02-04","신고","경기도","SK나이츠 농구교실 처인점","경기도 용인시 처인구 금령로12번길 6-1(김량장동)","Y","체육교습업","경기도 용인시 처인구 김량장동 329-10"
"대구광역시","N","",21,"20221213","정상운영","2023-03-21","없음","35.8541443731782","42118",348,"지하1층","","농구","수성구","범어동","수성구","42118","","128.623453809457","2023-03-21","신고","대구광역시","더아이스포츠(The i sports)","대구광역시 수성구 명덕로 485(범어동)","Y","체육교습업","대구광역시 수성구 범어동 776-7"
"울산광역시","N","",22,"20230323","정상운영","2023-04-10","없음","35.6029077885327","44236",161,"","","농구","북구","송정동","북구","44236","","129.365065169932","2023-05-02","신고","울산광역시","점핑클럽","울산광역시 북구 화산로 123 (송정동)","Y","체육교습업","울산광역시 북구 송정동 1232-1"
"부산광역시","N","",23,"20211109","정상운영","2021-12-31","없음","35.1496390899473","48314",558,"","ZgDRdUDSEkD4xWoyb1LsYDZoPlxcGqeDP717DDEz3UI=","농구","수영구","남천동","수영구","48314","","129.111295158007","2023-05-02","신고","부산광역시","이야짐 & 오르카 스위밍","부산광역시 수영구 수영로 492(남천동)","Y","체육교습업",""
"울산광역시","N","",24,"20210301","정상운영","2021-08-20","없음","35.5571995789547","44254",255,"","V8y9zyBO8QwPjFpcaG+cZAeQ3Ahel2erUwnpYtgAbNs=","농구","북구","명촌동","북구","44254","","129.354919804442","2023-05-02","신고","울산광역시","울산엠아이디유소년농구단","울산광역시 북구 명촌18길 2(명촌동)","Y","체육교습업","울산광역시 북구 명촌동 694-1"
"전라남도","N","",25,"20210429","정상운영","2021-06-01","실내","34.7489850826227","59656",564,"","+nxLNl1z3Vj3onhiy+hM/axY/3aZJe0/8iIOdaUfUHk=","농구","여수시","관기리","여수시","59656","","127.625287501307","2023-04-30","신고","전라남도","패스체대입시 및 패스농구교실","전라남도 여수시 소라면 관기길 27","Y","체육교습업","전라남도 여수시 소라면 관기리 436-1"
"강원도","N","1층",26,"20220816","정상운영","2022-08-26","실내","37.8660159169025","24315",684,"1층","j7UxOdz3rR7vt35IkBwTZQqdTr5oL/kJ72itMsfnUJc=","농구","춘천시","석사동","춘천시","24315","033-264-1888","127.761111952124","2023-02-08","신고","강원도","웨이브 스포츠클럽","강원도 춘천시 세실로 100-30(석사동)","Y","체육교습업","강원도 춘천시 석사동 34-6"
"경기도","N","",27,"20211215","정상운영","2022-06-15","없음","37.7010312716538","12047",646,"","sJVfjfcOG00yFLoYzdKmDXV/qTv7aeQsYvPmkYxf1lA=","농구","남양주시","양지리","남양주시","12047","","127.189611886537","2023-05-03","신고","경기도","NSBC 유소년 농구교실","경기도 남양주시 오남읍 양지로319번길 27-1","Y","체육교습업","경기도 남양주시 오남읍 양지리 646-7"
"경기도","N","",28,"20220401","정상운영","2022-04-11","없음","37.3378500891101","16823",493,"","i5wl0IJktAAEkrFDAwgpwNJE48x2eGUkYffWgeXj8Rs=","농구","용인시","동천동","용인시","16823","031-276-7772","127.093918150644","2023-05-03","신고","경기도","스와트","경기도 용인시 수지구 수지로461번길 34(동천동)","Y","체육교습업","경기도 용인시 수지구 동천동 336-2"
"경기도","N","",29,"20211108","정상운영","2021-11-18","없음","37.3681855990292","15011",932,"","dk8V72pt+xU4STpUPhZbVEARvMp0/N31WjcVSZiJckU=","농구","시흥시","","시흥시","15011","","126.73067100839","2023-02-16","신고","경기도","탑 농구교실","경기도 시흥시 서울대학로278번길 61(배곧동)","Y","체육교습업","경기도 시흥시 배곧동 204 서영베니스스퀘어"
"인천광역시","N","",30,"20211018","정상운영","2021-12-03","실내","0","21682",498,"(고잔동)","YE5nuJphT0g5BqMh89YWzDR2k3gfyaLyEOO2jWbHrRM=","농구","남동구","","남동구","21682","032-422-8011","0","2023-02-21","신고","인천광역시","어시스트","인천광역시 남동구 고잔로102번길 50(고잔동)","Y","체육교습업","인천광역시 남동구 고잔동 산300-2"
"경기도","N","",31,"20220801","정상운영","2023-05-03","없음","0","12036",418,"","","농구","남양주시","","남양주시","12036","","0","2023-05-03","신고","경기도","쿨스포츠클럽","경기도 남양주시 오남읍 진건오남로912번길 123","Y","체육교습업","경기도 남양주시 오남읍 양지리 15-36"
"경기도","N","",32,"20211210","폐업","2021-12-23","실내","37.6619063638142","10203",315,"가동 (법곳동)","pXEQlajMCGXEINXc3oIjBtVhSYo/AWZFPMhDVe3/CMk=","농구","고양시","","고양시","10203","","126.723101416161","2023-05-03","신고","경기도","KOREA농구교실","경기도 고양시 일산서구 법곳길137번길 5-8(법곳동)","Y","체육교습업","경기도 고양시 일산서구 법곳동 330-1"
"경기도","N","",33,"20220513","정상운영","2023-04-12","없음","0","18269",405,"","","농구","화성시","","화성시","18269","","0","2023-04-12","신고","경기도","아이디커넥트짐","경기도 화성시 남양읍 신남로 316-29","Y","체육교습업","경기도 화성시 남양읍 신남리 1247-14"
"서울특별시","N","",34,"20210625","정상운영","2021-09-14","실내","37.5766590358858","02532",480,"","CYH8dNUO5YaGr5ySKRkzU+EfYZXJzZ9vlLcywvw8cC0=","농구","동대문구","전농동","동대문구","02532","","127.061567688813","2023-02-23","신고","서울특별시","동대문 주니어 나이츠","서울특별시 동대문구 사가정로 148(전농동, 전농 SK아파트)","Y","체육교습업","서울특별시 동대문구 전농동 10 전농 SK아파트"
"부산광역시","N","씨엘주차타워 1층 117~120호",35,"20210830","정상운영","2023-02-23","없음","35.0939053061223","46726",185,"씨엘주차타워 1층 117~120호","","농구","강서구","명지동","강서구","46726","","128.90157980646","2023-02-23","신고","부산광역시","명지 KT소닉붐유소년농구교실","부산광역시 강서구 명지국제8로10번길 51(명지동)","Y","체육교습업","부산광역시 강서구 명지동 3587-1"
"인천광역시","N","5층 501호 (청학동)",36,"20211224","폐업","2023-03-21","없음","37.4158241505061","21926",467,"5층 501호 (청학동)","","농구","연수구","청학동","연수구","21926","","126.674347972193","2023-05-05","신고","인천광역시","열정하나농구교실","인천광역시 연수구 청능대로 71(청학동)","Y","체육교습업","인천광역시 연수구 청학동 502-1"
"인천광역시","N","동남아파트",37,"20211012","정상운영","2023-03-21","없음","","21920",2449,"동남스포피아 3층 (연수동)","","농구","연수구","연수동","","21920","032-822-5969","","2023-05-10","신고","인천광역시","씨제이(CJ) 스포츠","인천광역시 연수구 새말로 27, 동남스포피아 3층 (연수동)","Y","체육교습업","인천광역시 연수구 연수동 536 동남아파트 "
"경기도","N","(주)허브그린",38,"20220420","정상운영","2022-04-26","없음","0","18111",270,"(주)허브그린 (외삼미동)","U1ALf9SJ1eolsY+6dRqv+oZD6iyU/qWDa0rrsl/X6TU=","농구","오산시","","오산시","18111","031-224-7696","0","2023-05-03","신고","경기도","동탄 미라클 농구배드민턴 교실","경기도 오산시 외삼미로152번길 12(외삼미동)","Y","체육교습업","경기도 오산시 외삼미동 94-1 (주)허브그린"
"전라남도","N","",39,"20221228","정상운영","2023-02-28","없음","","57992",66,"(연향동)","","농구","순천시","","순천시","57992","","","2023-05-12","신고","전라남도","포비스 스포츠 클럽","전라남도 순천시 명말2길 48 (연향동)","Y","체육교습업","전라남도 순천시 연향동 1100 "
"인천광역시","N","",40,"20210803","정상운영","2023-03-21","없음","37.4158241505061","21926",467,"(청학동)","","농구","연수구","","연수구","21926","032-834-5957","126.674347972193","2023-05-10","신고","인천광역시","코리아농구교실","인천광역시 연수구 청능대로 71(청학동)","Y","체육교습업","인천광역시 연수구 청학동 502-1"
"경기도","N","",41,"20220414","정상운영","2022-06-15","없음","","10068",315,"유송타워 5층 501호,502호 (마산동)","4gFKyOj8cneIIKBFpIDVxK9UcYraiTaTcdcKMbCs3Ik=","농구","김포시","","김포시","10068","","","2023-03-10","신고","경기도","지앤지 김포한강(GNG 김포한강)","경기도 김포시 김포한강8로148번길 5, 유송타워 5층 501호,502호 (마산동)","Y","체육교습업","경기도 김포시 마산동 650-3 "
"경기도","N","",42,"20220415","정상운영","2022-06-15","없음","0","10064",498,"1층","P0INWGF9bE9VWPxg5mRrCRgcolf1Ss91sV2sy/5PRuU=","농구","김포시","","김포시","10064","031-983-7959","0","2023-05-05","신고","경기도","이승현(LSH) 키크는 농구교실","경기도 김포시 양촌읍 석모로 103-1","Y","체육교습업","경기도 김포시 양촌읍 석모리 1193-1"
"울산광역시","N","",43,"20211029","정상운영","2022-05-13","없음","35.5752473406195","44421",192,"1층 (성안동)","FmXJOo4yVsvNs4YlODbCCYFSCYWYMcmFYKOkUJOUWa8=","농구","중구","","중구","44421","","129.319059146496","2023-05-05","신고","울산광역시","한마음에이치비씨 농구단","울산광역시 중구 성안7길 18-1(성안동)","Y","체육교습업","울산광역시 중구 성안동 502-5"
"경기도","N","",44,"20230302","정상운영","2023-03-31","없음","37.3296528602745","16820",196,"","","농구","용인시","풍덕천동","용인시","16820","","127.086727769909","2023-03-31","신고","경기도","케이아이스포츠","경기도 용인시 수지구 수풍로37번길 42 (풍덕천동)","Y","체육교습업","경기도 용인시 수지구 풍덕천동 413"
"경기도","N","위례 아트리버 푸르지오",45,"20221227","정상운영","2023-02-23","없음","36.49787652957536","",118,"108,109호 (창곡동, 위례 아트리버 푸르지오)","","농구","성남시","","성남시","13640","","127.26543401552541","2023-02-23","신고","경기도","위례 송파 주니어 나이츠","경기도 성남시 수정구 위례순환로 130, 108,109호 (창곡동, 위례 아트리버 푸르지오)","Y","체육교습업","경기도 성남시 수정구 창곡동 529 위례 아트리버 푸르지오 "
"전라남도","N","",46,"20210423","정상운영","2021-08-05","없음","34.5766648522428","59031",499,"","7asoLElgjk8PhsW9Gzoyxft1UuTf/jHuc9n83TgTm9U=","농구","해남군","","해남군","59031","","126.588537588053","2023-05-03","신고","전라남도","플러스 농구교실","전라남도 해남군 해남읍 북부순환로 211-14","Y","체육교습업","전라남도 해남군 해남읍 구교리 409-3"
"전라남도","N","중흥s클래스 메가티움 2차",47,"20210709","정상운영","2021-07-30","없음","","58217",181,"중흥s클래스 메가티움 2차 1층 112호 (빛가람동)","gwsGTyF1oy2UpIIxMK/MPyoJ9aLAZSde11IfsEaxo1A=","농구","나주시","빛가람동","나주시","58217","","","2023-03-28","신고","전라남도","빛가람농구교실","전라남도 나주시 상야3길 8, 중흥s클래스 메가티움 2차 1층 112호 (빛가람동)","Y","체육교습업","전라남도 나주시 빛가람동 200 중흥s클래스 메가티움 2차 "
"인천광역시","N","",48,"20230425","정상운영","2023-05-15","실내","37.4797211456795","22376",82,"807호","","농구","중구","운남동","중구","22376","","126.502060742164","2023-05-15","신고","인천광역시","윙스 농구연습장","인천광역시 중구 흰바위로 236 (운남동)","Y","체육교습업","인천광역시 중구 운남동 1600-1"
"전라남도","N","남악아울렛 120호",49,"20220106","정상운영","2022-08-26","없음","34.8105410067555","58567",216,"남악아울렛 120호","260rxSYJqgLIdwn6g8jW0Q6Qh6JGHeKR0rJMZZ9xKJM=","농구","무안군","남악리","무안군","58567","","126.464899718384","2023-05-10","신고","전라남도","강동희농구교실","전라남도 무안군 삼향읍 대죽동로16번길 15","Y","체육교습업","전라남도 무안군 삼향읍 남악리 2254 남악아울렛"
"인천광역시","N","수도권매립지 제3매립장 주민편익시설 1층 (백석동)",50,"20230216","정상운영","2023-03-13","실내","37.5730905963004","22688",641,"수도권매립지 제3매립장 주민편익시설 1층 (백석동)","","농구","서구","백석동","서구","22688","032-710-3122","126.648113116043","2023-03-13","신고","인천광역시","아이에스티 주식회사","인천광역시 서구 자원순환로 170(백석동)","Y","체육교습업","인천광역시 서구 백석동 58 수도권매립지공사"
"대구광역시","N","",51,"20221130","정상운영","2022-12-13","없음","35.8910128759616","41552",248,"","KJoAxFUwlIWf4P+YVaRQZjLo9arC+3j3GQjoff0Mggc=","농구","북구","노원동1가","북구","41552","","128.579335008615","2023-03-29","신고","대구광역시","TOP'S 농구교실","대구광역시 북구 침산남로7길 27(노원동1가)","Y","체육교습업","대구광역시 북구 노원동1가 94-3"
"경기도","N","지하 2층",52,"20220303","정상운영","2022-04-12","없음","37.3594605745275","15865",127,"지하 2층","LtXawDTXp//CIDMK4JYivTalls2YqZi4Z9dgmUpw4/8=","농구","군포시","산본동","군포시","15865","031-393-0676","126.930209883168","2023-05-09","신고","경기도","패스체대입시 산본안양센터","경기도 군포시 광정로 70(산본동)","Y","체육교습업","경기도 군포시 산본동 1144-1 유공빌딩"
"경기도","N","2층 (당정동)",53,"20230405","정상운영","2023-04-07","실내","37.3512502245879","15849",457,"2층 (당정동)","","농구","군포시","","군포시","15849","","126.956810203664","2023-05-09","신고","경기도","바스농구클럽","경기도 군포시 고산로126번길 18 (당정동)","Y","체육교습업","경기도 군포시 당정동 422-1"
"경기도","N","",54,"20230403","정상운영","2023-05-10","없음","37.2731682952525","16393",241,"","","농구","수원시","금곡동","수원시","16393","031-298-2838","126.954484742282","2023-05-10","신고","경기도","키플스포츠클럽","경기도 수원시 권선구 금곡로212번길 25 (금곡동)","Y","체육교습업","경기도 수원시 권선구 금곡동 1124 광일프라자"
"경기도","N","스포라이프 스포츠센타 4층 B호 (정자동)",55,"20211209","폐업","2022-03-04","실내","37.3653233863252","13607",60,"스포라이프 스포츠센타 4층 B호 (정자동)","ly0DRjXHkalZxkLoypc4Kh0YoWb/wfqI04owRwk5hII=","농구","성남시","정자동","성남시","13607","","127.115180243325","2023-05-17","신고","경기도","DH 스포츠센터","경기도 성남시 분당구 내정로 58(정자동)","Y","체육교습업","경기도 성남시 분당구 정자동 117-1 스포라이프 스포츠센타"
"경기도","N","",56,"20211110","정상운영","2022-01-06","없음","37.761900687316","11758",480,"","VNUxILpQJHwmCZfF+Yk3S1DP9w6fyHh3NuQ4CET8h/k=","농구","의정부시","녹양동","의정부시","11758","031-852-2624","127.046513741415","2023-05-11","신고","경기도","스카이짐유소년스포츠클럽(녹양점)","경기도 의정부시 동일로 860-18(녹양동)","Y","체육교습업","경기도 의정부시 녹양동 1-9"
"경기도","N","3층 (상하동)",57,"20230403","정상운영","2023-05-15","없음","37.2797749505131","16986",494,"3층 (상하동)","","농구","용인시","상하동","용인시 기흥구","16986","070-7542-1116","127.1426258127","2023-05-15","신고","경기도","유소년스포츠(SSA)","경기도 용인시 기흥구 언동로 178 (상하동)","Y","체육교습업","경기도 용인시 기흥구 상하동 504-4"
"경기도","N","",58,"20220429","정상운영","2022-06-30","실내","37.7148719224217","11799",443,"","yIESplAR6+u44UDalM5xWN13tdwNP+dL88ilhTLhWgc=","농구","의정부시","","의정부시","11799","031-821-4429","127.102274261749","2023-05-11","신고","경기도","고려대스포츠아카데미","경기도 의정부시 송산로971번길 87-5(산곡동)","Y","체육교습업","경기도 의정부시 산곡동 626-1"
"경기도","N","",59,"20220317","정상운영","2022-06-30","실내","37.7318665810024","11796",355,"(용현동)","g+vDFEjKU1NZIYl3CICq4r0ci76kGW7at86m+HKxFN0=","농구","의정부시","","의정부시","11796","031-821-3329","127.079896153266","2023-05-11","신고","경기도","박성배 농구아카데미","경기도 의정부시 시민로434번길 9-4(용현동)","Y","체육교습업","경기도 의정부시 용현동 458-11"
"경기도","N","",60,"20211223","정상운영","2022-12-12","없음","37.1503943437857","18510",404,"1층","MP74nnmhavjdyO3KVEXUHuL2plTB69hzIG+RH5dJqEM=","농구","화성시","","화성시","18510","","127.122124602075","2023-05-19","신고","경기도","티오피(TOP)스포츠클럽","경기도 화성시 경기동로 470-28(장지동)","Y","체육교습업","경기도 화성시 장지동 838-10"
"경기도","N","",61,"20211020","정상운영","2021-11-11","없음","0","11909",427,"제3동(C)동 (인창동)","kQilAco51fCvL8P2FVJlQaIiwJKkrzZIhPHQyOvkNW4=","농구","구리시","","구리시","11909","","0","2021-11-11","신고","경기도","리얼농구교실","경기도 구리시 동구릉로200번길 25(인창동)","Y","체육교습업","경기도 구리시 인창동 31-2"
"세종특별자치시","N","",62,"20211028","정상운영","2021-11-22","실내","36.5018490214315","30055",909,"","NSav3UAeEfzKyVoWVlwcKf+sr1UHHtjFvGZwxEw8cyw=","농구","세종시","봉안리","세종시","30055","","127.225049072674","2021-11-22","신고","세종특별자치시","맥스스포츠 아카데미","세종특별자치시 장군면 봉안고개길 27","Y","체육교습업","세종특별자치시 장군면 봉안리 220"
"경기도","N","외 226-4",63,"20221111","정상운영","2022-12-07","없음","0","12991",288,"(감북동)","aHmpI6PmtdGwQdCV2IW86TCO1jpSVDFOoAcoeW2e5E0=","농구","하남시","","하남시","12991","02-477-9450","0","2022-12-07","신고","경기도","넥스트레벨 바스켓볼 아카데미","경기도 하남시 서하남로43번길 101(감북동)","Y","체육교습업","경기도 하남시 감북동 224"
"경기도","N","",64,"20210603","정상운영","2021-06-07","실내","37.2909383739304","17349",288,"","/0CjFP2oZCYtszr3o81DzFA3JnXcZckwEEsPdZezR4g=","농구","이천시","갈산동","이천시","17349","","127.466885202121","2021-06-07","신고","경기도","점퍼(JumPer)","경기도 이천시 갈산로27번길 186 (갈산동)","Y","체육교습업","경기도 이천시 갈산동 523-2"
"광주광역시","N","",65,"20210430","정상운영","2021-06-09","실내","35.1290434332043","62060",261,"","YNz25TqWC8mF3IlqVz2FfCRwLXUH6YK/wABdI/dRLvA=","농구","서구","풍암동","서구","62060","","126.885290569746","2022-10-31","신고","광주광역시","팀케이 농구교실(서구점)","광주광역시 서구 풍암순환로188번길 37-1 (풍암동)","Y","체육교습업","광주광역시 서구 풍암동 1148-5"
"대전광역시","N","5층",66,"20210119","정상운영","2021-03-31","없음","0","34087",320,"(지족동)","DiU/dkGIt5eBx4tNlGBbmR8OARSxtkBITFZoLWqqbsw=","농구","유성구","","유성구","34087","","0","2021-08-26","신고","대전광역시","월드짐 농구교실","대전광역시 유성구 은구비남로7번길 50 (지족동)","Y","체육교습업","대전광역시 유성구 지족동 897-4"
"전라남도","N","",67,"20210317","정상운영","2021-03-30","실내외","34.7825418636829","59625",421,"","XLN7r5kzHEx/BvkoHAVeLLst2LEwmtVEVHABW5iYJkw=","농구","여수시","둔덕동","여수시","59625","","127.697608849767","2022-05-04","신고","전라남도","우리누리 스포츠","전라남도 여수시 용수길 2-41 (둔덕동)","Y","체육교습업","전라남도 여수시 둔덕동 244"
"경기도","N","",68,"20210302","정상운영","2021-06-21","없음","0","12991",330,"(감북동)","Du9iKg8kb6aVdI2UzOCZZWK8B2ktwdrspR/Sso1sn7I=","농구","하남시","","하남시","12991","","0","2022-10-20","신고","경기도","우리코치 아카데미","경기도 하남시 서하남로47번길 252-7 (감북동)","Y","체육교습업","경기도 하남시 감북동 148-9"
"경기도","N","",69,"20210415","정상운영","2021-06-21","없음","37.5479506807525","12937",374,"","oBwwTctvRkTmg/wlkXbo3/NxnotzhSimnFwTIKQViys=","농구","하남시","풍산동","하남시","12937","","127.195872953285","2022-10-20","신고","경기도","벌키스포츠","경기도 하남시 하남대로934번길 19 (풍산동)","Y","체육교습업","경기도 하남시 풍산동 378-14"
"경기도","N","201호",70,"20210514","정상운영","2021-06-21","없음","37.5653541871923","12900",397,"201호","jO3EhVYBayvmhS6QSi2gfl8j2tlKnDmAannsAeiv+nc=","농구","하남시","미사동","하남시","12900","","127.205854848521","2022-10-20","신고","경기도","스킬팩토리 주니어","경기도 하남시 미사동로40번길 146 (미사동)","Y","체육교습업","경기도 하남시 미사동 201-3"
"인천광역시","N","인천광역시 서구 국제대로 255, 청라 스포월드 4층 (연희동)",71,"20210722","정상운영","2021-08-02","실내","37.5413785206897","22746",821,"인천광역시 서구 국제대로 255, 청라 스포월드 4층 (연희동)","jvxLJUkgDvXsRow5+mKRBJ4L2EOHzMJlVvjdjCrdQR8=","농구","서구","연희동","서구","22746","","126.648322633451","2021-10-22","신고","인천광역시","M&M 농구교실","인천광역시 서구 국제대로 255(연희동)","Y","체육교습업","인천광역시 서구 연희동 산148-11"
"부산광역시","N","",72,"20210712","폐업","2021-07-15","없음","35.2438418119491","46245",111,"","9WuAkewGh02tKPtsjTQneiNciuDy5z0bHsVJguCZpzY=","농구","금정구","구서동","금정구","46245","051-514-6112","129.085571678272","2022-11-01","신고","부산광역시","조이플레이","부산광역시 금정구 금샘로246번길 18(구서동, 구서에스케이뷰1단지)","Y","체육교습업","부산광역시 금정구 구서동 1074 구서에스케이뷰1단지"
"세종특별자치시","N","",73,"20210603","정상운영","2021-06-16","없음","36.4554517144923","30084",272,"","QEAoM/U1/0EWi2jYJwP3CO4Uq/jz3Rlgk0ailNVpNmA=","농구","세종시","영곡리","세종시","30084","","127.262237369086","2021-06-16","신고","세종특별자치시","슬기로운 아카데미","세종특별자치시 금남면 성덕영곡길 146-39","Y","체육교습업","세종특별자치시 금남면 영곡리 371-2"
"경기도","N","",74,"20210616","정상운영","2021-06-18","실내","37.6512581827003","10064",432,"","soQxQCNVhhGkw2c/wBavJrmfseQp59o8CkKpxvrmhRM=","농구","김포시","석모리","김포시","10064","","126.658338600308","2021-06-18","신고","경기도","엘리트 스포츠 클럽","경기도 김포시 양촌읍 해평로 158","Y","체육교습업","경기도 김포시 양촌읍 석모리 282-1"
"경기도","N","2층",75,"20210527","정상운영","2021-06-10","없음","37.358016074552","15845",444,"2층","/FT62zmzXz8FLdLDa52XfqTLkE8L0p4q8lidm172/rA=","농구","군포시","당동","군포시","15845","","126.949173523417","2023-05-09","신고","경기도","링담농구교실","경기도 군포시 공단로 143 (당동)","Y","체육교습업","경기도 군포시 당동 51-4"
"경기도","N","",76,"20210628","정상운영","2021-06-30","실내","37.6160314258194","10104",649,"2층 (감정동)","Lur9DftPkMzWtGi1IiAbE1rmhAVLLRfj5xAnEdaiaAE=","농구","김포시","감정동","김포시","10104","031-996-5141","126.702593101955","2023-01-03","신고","경기도","예비 사회적기업 이에스스포츠 나눔 사회적 협동조합","경기도 김포시 감정로 86(감정동)","Y","체육교습업","경기도 김포시 감정동 626-10"
"경기도","N","1층 (장기동)",77,"20210506","정상운영","2021-07-02","실내","37.6395811698384","10088",180,"1층 (장기동)","Z7F+MESj/9ICTdPf+ahziv0wR4/jtweO5qao1j1cYKc=","농구","김포시","장기동","김포시","10088","","126.674282345248","2021-07-02","신고","경기도","엔조이 스포츠","경기도 김포시 초당로16번길 86-3(장기동)","Y","체육교습업","경기도 김포시 장기동 2043-2"
"경기도","N","1층",78,"20210513","정상운영","2021-07-02","실내","37.6064645716208","10124",300,"1층","viPSHuPqQcB/oMYIQSN4WOhPTpFci20vXEcg49ZhlWw=","농구","김포시","신곡리","김포시","10124","","126.783785352539","2023-01-03","신고","경기도","이에스 스포츠 나눔 사회적 협동조합","경기도 김포시 고촌읍 은행영사정로 157","Y","체육교습업","경기도 김포시 고촌읍 신곡리 148-3"
"경상남도","N","",79,"20210317","정상운영","2021-06-25","실내","35.2758370705393","50853",341,"","A3ttIRbi2qlZr5FI86mD81kKKgiIPk2LXz7yLpeAKwY=","농구","김해시","신천리","김해시","50853","055-336-7474","128.842737665388","2022-11-10","신고","경상남도","코리아짐","경상남도 김해시 한림면 김해대로1559번길 8","Y","체육교습업","경상남도 김해시 한림면 신천리 285"
"인천광역시","N","",80,"20210427","정상운영","2021-08-09","실내","37.5793912535823","22672",489,"","CSfK1/wtho26Iq374d9kcwdw/R3mAukWs8TbA9Z8gFw=","농구","서구","백석동","서구","22672","","126.660461291021","2021-08-09","신고","인천광역시","코리아 농구교실","인천광역시 서구 한서로 22(백석동)","Y","체육교습업","인천광역시 서구 백석동 212-221"
"인천광역시","N","",81,"20210806","정상운영","2021-08-27","실내","37.5793912535823","22672",489,"","q+E+fgv9HDBr5OefRR5+EpnS8C9SGpF4/jDdL2+GaGg=","농구","서구","백석동","서구","22672","","126.660461291021","2021-08-27","신고","인천광역시","코리아 농구교실","인천광역시 서구 한서로 22(백석동)","Y","체육교습업","인천광역시 서구 백석동 212-221"
"인천광역시","N","",82,"20210806","정상운영","2021-08-27","실내","37.5793912535823","22672",489,"","2gRQ7T0rReB6HD5InEFPeRLFzoO0K6YLNh5DDa/abtA=","농구","서구","백석동","서구","22672","","126.660461291021","2021-08-27","신고","인천광역시","코리아 농구교실","인천광역시 서구 한서로 22(백석동)","Y","체육교습업","인천광역시 서구 백석동 212-221"
"경기도","N","",83,"20210304","정상운영","2021-08-11","실내","37.6326999638691","10500",486,"동성골드프라자 B1층 (화정동)","gO8RVvNUfWqXqZXvCENfRgefeu1MzgmBQIZ3PFFp0hM=","농구","고양시","화정동","고양시","10500","","126.832570314195","2022-10-13","신고","경기도","피닉스 농구교실","경기도 고양시 덕양구 화신로260번길 41(화정동)","Y","체육교습업","경기도 고양시 덕양구 화정동 978-2 동성골드프라자"
"세종특별자치시","N","",84,"20210907","정상운영","2021-09-15","없음","36.4983721423847","30055",710,"","kFZctyVNurfePOU2n6C9lV4JUloVFjgTIBFpdaDRui0=","농구","세종시","봉안리","세종시","30055","","127.223679644351","2022-02-22","신고","세종특별자치시","주식회사 세종스포츠센터","세종특별자치시 장군면 봉안길 72","Y","체육교습업","세종특별자치시 장군면 봉안리 386-1"
"경상남도","N","",85,"20210908","정상운영","2021-09-15","실내","35.2353280230588","50808",397,"","1r1GM+wisCknZyD/T5LlCvx3eihZHnSy2veN0gv+KdY=","농구","김해시","초정리","김해시","50808","","128.991689778892","2022-11-10","신고","경상남도","플라이스포츠","경상남도 김해시 대동면 동남로45번길 43","Y","체육교습업","경상남도 김해시 대동면 초정리 1059-9"
"서울특별시","N","",86,"20210813","정상운영","2021-08-31","실내","37.5539579257605","05269",118,"","yEwr5sUlU6e52v+wq4vnR1UGnSffcH1QfSua/d4Ie4U=","농구","강동구","명일동","강동구","05269","","127.154637177627","2021-08-31","신고","서울특별시","TEAMK 스포츠아카데미","서울특별시 강동구 동남로75길 27(명일동)","Y","체육교습업","서울특별시 강동구 명일동 47-2 고덕역갑을명가시티 오피스텔"
"경기도","N","",87,"20210720","정상운영","2021-09-01","실내","37.2609087697758","17038",399,"","R7g0cROw5v57Lid14FXs3P1A3+6g99dSHs/kl69BABA=","농구","용인시","고림동","용인시 처인구","17038","031-333-0633","127.223184334798","2022-11-02","신고","경기도","히로스포츠","경기도 용인시 처인구 경안천로258번길 84(고림동)","Y","체육교습업","경기도 용인시 처인구 고림동 480-2"
"경기도","N","에이스프라자 B01호",88,"20210721","정상운영","2021-08-05","없음","37.3318624679332","16876",353,"에이스프라자 B01호","Cr1naYztvsoz9J/+rcLW68zRH6XgqUNrOPWLkK/V1l0=","농구","용인시","죽전동","용인시","16876","031-897-7955","127.12760541724","2022-11-03","신고","경기도","아이앤제이 스포츠","경기도 용인시 수지구 현암로 165(죽전동)","Y","체육교습업","경기도 용인시 수지구 죽전동 1188-5 에이스프라자"
"충청북도","N","",89,"20210902","정상운영","2021-09-07","실내","36.9827863413225","27353",332,"","y8wFEr4D7Nt2Wy9c+rvijIc/dGk8TsjECewJWGK5n+8=","농구","충주시","연수동","충주시","27353","","127.944153347095","2021-09-07","신고","충청북도","스카이플러스스포츠","충청북도 충주시 계명대로 265(연수동)","Y","체육교습업","충청북도 충주시 연수동 1641"
"서울특별시","N","지층",90,"20210521","정상운영","2021-09-02","없음","37.5436810220846","05302",1884,"","qBOgFz1rLVHn1lGj87oAGxdJVO4L9s6rHj5HFRjvFYk=","농구","강동구","길동","강동구","05302","02-477-9450","127.142488397578","2021-09-02","신고","서울특별시","스포키즈","서울특별시 강동구 양재대로 1548(길동)","Y","체육교습업","서울특별시 강동구 길동 335-2 태영빌딩"
"충청북도","N","",91,"20210721","정상운영","2021-09-02","실내","36.7038749713653","28132",494,"","ZjLylw7PikHUoCmtksj3eopAuJx/5eakRK95LkUAxMI=","농구","청주시","신평리","청주시 청원구","28132","","127.438244079516","2023-05-17","신고","충청북도","클린샷 농구교실","충청북도 청주시 청원구 오창읍 신평중신길 14","Y","체육교습업","충청북도 청주시 청원구 오창읍 신평리 654-8"
"경기도","N","",92,"20210917","정상운영","2021-09-28","없음","37.1555709212438","18533",493,"","JzzPdkNpnLaq7l4y7h+mTOqPOw5A4c9UdGeNhXRUh1w=","농구","화성시","가재리","화성시","18533","","126.934914445957","2022-03-29","신고","경기도","디센트 농구교실","경기도 화성시 팔탄면 신양3길 34-8","Y","체육교습업","경기도 화성시 팔탄면 가재리 9-12"
"충청북도","N","",93,"20210817","정상운영","2021-08-20","없음","36.6203817563914","28374",490,"","RLEn6N2UJFA6ZSers3kh/jEm6lo46O7Zw4Kd0J1YyBM=","농구","청주시","휴암동","청주시 흥덕구","28374","","127.402619232297","2022-06-29","신고","충청북도","삼성리틀썬더스","충청북도 청주시 흥덕구 신전로 2(휴암동)","Y","체육교습업","충청북도 청주시 흥덕구 휴암동 402-1"
"경기도","N","",94,"20210809","정상운영","2021-09-27","실내","37.2877952295329","15624",0,"","YNZx31gc+ep2L75RlAHh8M+/GSJEenBjvb0UznI7Xso=","농구","안산시","사동","안산시","15624","","126.851047023167","2022-02-08","신고","경기도","TOP농구교실","경기도 안산시 상록구 감골1로 35(사동)","Y","체육교습업","경기도 안산시 상록구 사동 1346 상록수타운월드아파트 월드스포션"
"서울특별시","N","",95,"20210902","정상운영","2021-09-10","없음","37.6262433964969","01835",313,"","qbPCLFtknIOy+lRPOWQY6j5z3VCzR9+oYSsc0xaSkLs=","농구","노원구","공릉동","노원구","01835","02-972-8997","127.07941174126","2022-10-25","신고","서울특별시","짐앤아이유소년스포츠센터","서울특별시 노원구 공릉로 183(공릉동)","Y","체육교습업","서울특별시 노원구 공릉동 408-6"
"경상남도","N","1층",96,"20210916","정상운영","2021-09-28","실내","35.1651830882457","51021",305,"1층","/Sxvcoy3oqwQlNjUN61clBOUNTnGJ5xx+DuLLMfXb+A=","농구","김해시","장유동","김해시","51021","","128.820522386048","2021-09-28","신고","경상남도","용인대 S&K 유소년스포츠클럽","경상남도 김해시 율하로 414-34(장유동)","Y","체육교습업","경상남도 김해시 장유동 493-1"
"서울특별시","N","",97,"20210706","정상운영","2021-09-13","없음","37.4761494185978","06752",420,"","kXgMTcEKkGMx8GzZ+ysBSmQ5wGEWyv8ajqsfGZHw94s=","농구","서초구","양재동","서초구","06752","","127.035338768606","2022-10-25","신고","서울특별시","강남서초주니어농구교실","서울특별시 서초구 바우뫼로27길 7-31(양재동)","Y","체육교습업","서울특별시 서초구 양재동 75-1"
"경기도","N","",98,"20211019","정상운영","2021-10-25","없음","37.4466712983815","14316",265,"","sX+k/oSSPbalMDRJMDbJBodzQ+saEg2P93W/iAAU6Kc=","농구","광명시","소하동","광명시","14316","02-898-5969","126.881579158461","2023-01-19","신고","경기도","팀케이농구교실","경기도 광명시 오리로 500(소하동)","Y","체육교습업","경기도 광명시 소하동 1343-1"
"부산광역시","N","",99,"20211025","정상운영","2021-10-29","없음","35.1869094273201","47554",388,"","n9YyJIxvhh3wqQW75+f6SJYLxbDF0MiWvph1UDTY+H8=","농구","연제구","연산동","연제구","47554","","129.087506026835","2022-02-11","신고","부산광역시","(주)모션스포츠","부산광역시 연제구 쌍미천로 160(연산동)","Y","체육교습업","부산광역시 연제구 연산동 325-1 행복한교회"
"제주특별자치도","N","",100,"20210811","정상운영","2021-08-17","실내","33.4959334003233","63190",211,"지하1층","GR1XRG5k3rvEuYxbOBmL4zIFYfX+Cag4upcjerHH7x0=","농구","제주시","오라일동","제주시","63190","064-702-5101","126.519481880161","2021-08-17","신고","제주특별자치도","리스펙","제주특별자치도 제주시 서사로 184(오라일동)","Y","체육교습업","제주특별자치도 제주시 오라일동 2451-6"
"제주특별자치도","N","",101,"20210811","정상운영","2021-08-17","실내","33.497888397017","63148",386,"","eZyLCBcIhiXCVhGQcnDRSMAJ1Fp83E41UVJBIkFoBRc=","농구","제주시","오라삼동","제주시","63148","","126.501337537562","2021-08-17","신고","제주특별자치도","리스펙 스포츠 아카데미","제주특별자치도 제주시 서광로 46-8(오라삼동)","Y","체육교습업","제주특별자치도 제주시 오라삼동 2606"
"서울특별시","N","",102,"20211012","정상운영","2021-10-13","없음","37.5462992589271","05296",423,"","5cVb32u7UFGRs3X3QFnipHvnECjST1NbI5PdJrT4z4M=","농구","강동구","명일동","강동구","05296","","127.145789262651","2022-11-17","신고","서울특별시","지오어린이스포츠클럽","서울특별시 강동구 상암로 210(명일동)","Y","체육교습업","서울특별시 강동구 명일동 347-3 명일현대종합상가"
"경기도","N","",103,"20210930","정상운영","2021-10-13","없음","37.1926304178769","18111",290,"","aCUf4E2VSALZayS5va37jHavovKn3H+K2jxLARSaDbQ=","농구","오산시","세교동","오산시","18111","070-8809-3399","127.043018528388","2023-01-04","신고","경기도","볼트바스켓","경기도 오산시 독산성로449번길 42(세교동)","Y","체육교습업","경기도 오산시 세교동 176"
"경기도","N","",104,"20211007","정상운영","2021-10-13","없음","37.1290705909181","18146",462,"","1ex6p8RHSLjomvdjxBOpZyKEXawEmF7v3o7J07Z2EtU=","농구","오산시","갈곶동","오산시","18146","031-378-0506","127.067903806945","2023-01-04","신고","경기도","경희 스포츠 아카데미","경기도 오산시 오산로 28(갈곶동)","Y","체육교습업","경기도 오산시 갈곶동 207"
"경기도","N","",105,"20210503","정상운영","2021-09-29","실내","37.7061981265521","10904",0,"","oSACwBdmZUCdHpgI6c9fAKGQCnHXkSSGhcdvg3udebI=","농구","파주시","동패동","파주시","10904","","126.750166891833","2022-12-06","신고","경기도","월드드림스포츠","경기도 파주시 미래로310번길 90(동패동)","Y","체육교습업","경기도 파주시 동패동 39-34"
"충청남도","N","",106,"20211001","정상운영","2021-10-05","실내","36.7485369799008","32143",297,"2층","uM5OiLo5B4aVXXsTQPWEaiIlRrxOlR6DiB4yZrMzWsI=","농구","태안군","","태안군","32143","","126.304158069916","2021-10-05","신고","충청남도","엠제이 뉴스포츠 성균관체육교습소","충청남도 태안군 태안읍 동문3길 17","Y","체육교습업","충청남도 태안군 태안읍 동문리 883-4"
"광주광역시","N","109호",107,"20210528","정상운영","2021-10-06","없음","35.1904433834811","62306",195,"109호","wNz0Dd2/ASoh56wi+lL+WqzvS6tiu69QMgv7sIioFKk=","농구","광산구","수완동","광산구","62306","062-412-2011","126.823265585855","2021-10-06","신고","광주광역시","우지원 농구아카데미","광주광역시 광산구 장신로 120(수완동)","Y","체육교습업","광주광역시 광산구 수완동 1412"
"광주광역시","N","",108,"20210908","정상운영","2021-10-06","실내","35.1765696773133","62319",297,"(운남동)","0QJrmqGBa72GrInE2KW21PK0uvICIv6EoINPgK/Gj3s=","농구","광산구","","광산구","62319","062-710-8208","126.823104492239","2021-10-07","신고","광주광역시","맨투맨스포츠","광주광역시 광산구 목련로219번길 111-3(운남동)","Y","체육교습업","광주광역시 광산구 운남동 345"
"경상남도","N","",109,"20211026","정상운영","2021-10-27","실내","35.2354758991803","50808",489,"","iBh81wALEcUTgas94bw18XaOoHVKpVMGWdBkdVcvizY=","농구","김해시","초정리","김해시","50808","","128.991509418888","2022-12-31","신고","경상남도","팀점프","경상남도 김해시 대동면 동남로45번길 41","Y","체육교습업","경상남도 김해시 대동면 초정리 1059"
"인천광역시","N","",110,"20210806","정상운영","2021-08-09","실내","37.5492764392892","22745",494,"","jwSINUPVZ6ET9bMcaCns7QYbcRF/lESYPtM9pb5HkJ0=","농구","서구","경서동","서구","22745","032-564-5968","126.648951270371","2022-03-11","신고","인천광역시","KBC농구교실 청라가정점","인천광역시 서구 중봉대로771번길 12(경서동)","Y","체육교습업","인천광역시 서구 경서동 350-53"
"인천광역시","N","",111,"20210401","정상운영","2021-08-09","실내","37.5641035150118","22695",165,"","jnhkaUHX6UcXe1CPjqef5JPJ7tluTvfhQNQ4yfXY8vg=","농구","서구","검암동","서구","22695","032-212-7000","126.671903612917","2022-12-02","신고","인천광역시","지엔지 농구교실","인천광역시 서구 승학로483번길 22-3(검암동)","Y","체육교습업","인천광역시 서구 검암동 604-2"
"인천광역시","N","",112,"20210401","정상운영","2021-08-09","실내","37.5925400950853","22682",149,"","2EdZj5tzMtTtn6uEv8VdEboKp6jR3SyImGK68PMqiXM=","농구","서구","당하동","서구","22682","","126.698126875175","2021-08-09","신고","인천광역시","지엔지 농구클럽","인천광역시 서구 고산후로95번길 10(당하동)","Y","체육교습업","인천광역시 서구 당하동 1030-7 뉴시티프라자"
"인천광역시","N","",113,"20210326","정상운영","2021-08-09","없음","37.5495978287942","22745",266,"","te9t8hKCk5Uf0vAiJ0PMypIDA4LzI4sdb9U6s/aVo3w=","농구","서구","경서동","서구","22745","","126.649195442022","2021-08-09","신고","인천광역시","이글스 스포츠클럽","인천광역시 서구 중봉대로 781(경서동)","Y","체육교습업","인천광역시 서구 경서동 350-54"
"인천광역시","N","",114,"20210208","정상운영","2021-08-09","실내","37.4837804503405","22826",487,"","UIQs24YB/2PI3Fte3Pf6lPHOydc+PNiza/ccQcUvjYk=","농구","서구","가좌동","서구","22826","032-516-5969","126.680906666179","2021-11-10","신고","인천광역시","팀케이농구교실 부평서구점","인천광역시 서구 가좌로83번길 46(가좌동)","Y","체육교습업","인천광역시 서구 가좌동 290-6"
"경기도","N","",115,"20211104","정상운영","2021-12-17","실내","37.2344020024162","18374",162,"","yWW0C40tQJ/RERpVh5i3sOHR5DcL/nhgRok4vmJAuxY=","농구","화성시","반정동","화성시","18374","","127.039130497252","2021-12-17","신고","경기도","BBC농구교실","경기도 화성시 반정로153번길 3-1(반정동)","Y","체육교습업","경기도 화성시 반정동 112-7"
"인천광역시","N","",116,"20211111","정상운영","2021-12-03","없음","0","21588",333,"(수산동)","0Z9u8eJbqyZpRP/c45M/OkeRoOjy3A3czvQKuQnUeFo=","농구","남동구","","남동구","21588","032-469-5968","0","2022-09-21","신고","인천광역시","탑 농구교실","인천광역시 남동구 경신로 40(수산동)","Y","체육교습업","인천광역시 남동구 수산동 28-13"
"인천광역시","N","투엠프라자",117,"20211111","정상운영","2021-12-03","없음","0","21614",401,"투엠프라자 801호,802호 (서창동)","ejYR3n6KRFSjVzY+c5YO6HV2nAOVC55hC62jWt/cWTc=","농구","남동구","","남동구","21614","032-469-5968","0","2022-09-21","신고","인천광역시","탑 농구교실","인천광역시 남동구 서창남로 81(서창동)","Y","체육교습업","인천광역시 남동구 서창동 686-2 투엠프라자"
"인천광역시","N","",118,"20211103","정상운영","2021-12-03","없음","0","21588",330,"(수산동)","PFPRXtjhXzRnHU7XDwzNDNvPPdEMIfIOdhs+bKL9sVU=","농구","남동구","","남동구","21588","032-466-5969","0","2021-12-03","신고","인천광역시","코리아 농구교실","인천광역시 남동구 경신로60번길 7(수산동)","Y","체육교습업","인천광역시 남동구 수산동 50-4"
"인천광역시","N","",119,"20211029","정상운영","2021-12-03","없음","","21682",308,"(고잔동)","tc2PG97to5vtD/C4IU/XkjfAzwI/fX4EmcPI9VnJs1c=","농구","남동구","","남동구","21682","032-446-5969","","2022-12-01","신고","인천광역시","팀케이 농구교실","인천광역시 남동구 앵고개로 680 (고잔동)","Y","체육교습업","인천광역시 남동구 고잔동 299 "
"세종특별자치시","N","",120,"20211124","정상운영","2021-12-01","실내","36.4801136674669","30130",257,"","yYIQHhE2a9WU+eVTiJBOJQSaSwyc+hn9kg133CeOSLU=","농구","세종시","한솔동","세종시","30130","","127.254586187137","2021-12-01","신고","세종특별자치시","세종 에스엠씨(SMC) 스포츠","세종특별자치시 노을3로 94(한솔동)","Y","체육교습업","세종특별자치시 한솔동 929 세종타워"
"경기도","N","",121,"20211129","정상운영","2021-12-01","없음","0","14925",272,"1층 (계수동)","csRN1hRiiycm9HHY84V8fRIUvBfkvOZScVV7oKtfH9w=","농구","시흥시","","시흥시","14925","","0","2022-03-18","신고","경기도","부천 어린이 농구교실","경기도 시흥시 범안로266번길 40-10(계수동)","Y","체육교습업","경기도 시흥시 계수동 350-1"
"전라북도","N","",122,"20211111","정상운영","2021-12-02","없음","35.8379915663614","55365",323,"","qV/gtq/tX3erSnxp/P4jY2rIsCYhrYTmOOlKiOp3NDc=","농구","완주군","갈산리","완주군","55365","","127.056036151823","2021-12-02","신고","전라북도","J&B","전라북도 완주군 이서면 기지로 36","Y","체육교습업","전라북도 완주군 이서면 갈산리 663-1"
"부산광역시","N","",123,"20211125","정상운영","2021-11-30","없음","35.3211912784683","46015",202,"","hSdAvJ+edDwDX1XJ7qKFKgxWKt8sxridkb0ILsG5E20=","농구","기장군","매학리","기장군","46015","","129.178279212468","2022-11-03","신고","부산광역시","피이씨(PEC) 바스켓볼","부산광역시 기장군 정관읍 정관중앙로 45","Y","체육교습업","부산광역시 기장군 정관읍 매학리 717-6"
"경기도","N","",124,"20210722","정상운영","2021-12-02","없음","37.7152777252783","10909",265,"","+tEQC9agXTE7NN3g/k99GD4EukaMoh7U5llX3a/elEY=","농구","파주시","야당동","파주시","10909","031-949-3344","126.765276845806","2023-05-05","신고","경기도","리스펙","경기도 파주시 송학1길 158-17(야당동)","Y","체육교습업","경기도 파주시 야당동 226-80"
"경기도","N","1동",125,"20211122","정상운영","2021-11-24","실내","37.2822337111312","16372",720,"1동","bS+H5gqqWay8ydamzsl1izksU7wJzv8R6DoJSF3uNVo=","농구","수원시","입북동","수원시 권선구","16372","","126.960664670094","2021-11-24","신고","경기도","애플바스켓볼","경기도 수원시 권선구 서수원로594번길 160(입북동)","Y","체육교습업","경기도 수원시 권선구 입북동 796-16"
"경기도","N","제중빌딩",126,"20211123","정상운영","2021-11-24","없음","37.4441701641374","13346",402,"제중빌딩 B1층 (신흥동)","011EhPMvDxCOHVovTpgXAwfhoqFLqfqiHKsrzeMXx/E=","농구","성남시","","성남시","13346","070-8847-7088","127.143180351156","2021-11-24","신고","경기도","FS 스포츠클럽","경기도 성남시 수정구 수정로 210(신흥동)","Y","체육교습업","경기도 성남시 수정구 신흥동 3436-11 제중빌딩"
"충청북도","N","",127,"20211101","정상운영","2021-12-02","없음","36.7037265912624","28152",447,"","+Bg8ZgKBzJ+wIhG0J+DZvikfgOphBtaVHl6jaJd37M0=","농구","청주시","","청주시","28152","","127.504168898649","2021-12-02","신고","충청북도","씨에이치씨 농구교실","충청북도 청주시 청원구 내수읍 원통숲안1길 34-14","Y","체육교습업","충청북도 청주시 청원구 내수읍 원통리 400-8"
"경기도","N","225~227",128,"20211129","정상운영","2021-12-14","없음","37.2881245943755","16514",187,"225~227","kAMfaOs22fwyiDOPSQVKcCCI3R9QcrPUgnkEY3N0mtc=","농구","수원시","하동","수원시","16514","031-301-5557","127.060702664758","2021-12-14","신고","경기도","B.I.P 1호점","경기도 수원시 영통구 광교중앙로 170(하동)","Y","체육교습업","경기도 수원시 영통구 하동 1016 광교 효성해링턴 타워"
"경기도","N","C동 1008~1014",129,"20211129","정상운영","2021-12-14","없음","37.2910333582533","16512",340,"C동 1008~1014","5JdjvUIcChnbxlietowtsUnKVqNi66hWcrpxwFd+PHk=","농구","수원시","하동","수원시","16512","031-302-5557","127.066670743351","2021-12-14","신고","경기도","B.I.P 2호점","경기도 수원시 영통구 광교중앙로248번길 7-2(하동)","Y","체육교습업","경기도 수원시 영통구 하동 989 원희캐슬 광교"
"경기도","N","1층",130,"20211123","정상운영","2021-12-14","없음","37.2557949844753","16676",390,"1층","VPiGO9E1cFdS73hyYmoeRIaIUPWSSVzSSJTk8+Hplg4=","농구","수원시","매탄동","수원시 영통구","16676","","127.059985493859","2021-12-14","신고","경기도","프라임 타임","경기도 수원시 영통구 신원로211번길 36(매탄동)","Y","체육교습업","경기도 수원시 영통구 매탄동 489-2"
"경기도","N","스타스퀘어 빌딩",131,"20211116","정상운영","2021-11-18","실내","","10585",249,"스타스퀘어 빌딩 1004,1005호 (지축동)","XBquiE5ZLs6GGRgk8tyU0frlWkgafnRY99hXEFPSptE=","농구","고양시","","고양시","10585","","","2023-04-26","신고","경기도","일산 스포츠","경기도 고양시 덕양구 지축로 52, 스타스퀘어 빌딩 1004,1005호 (지축동)","Y","체육교습업","경기도 고양시 덕양구 지축동 996-1 스타스퀘어 빌딩 "
"세종특별자치시","N","",132,"20210707","정상운영","2021-11-22","실내","36.497491332062","30080",260,"","g0v0pjldnD7i0/MmspydLJLld2wpJk6iK8MYiyUYH+I=","농구","세종시","부용리","세종시","30080","044-868-5073","127.340570352701","2022-11-17","신고","세종특별자치시","세종 KBA 농구교실","세종특별자치시 금남면 금병로 905","Y","체육교습업","세종특별자치시 금남면 부용리 427-7"
"경상남도","N","4층",133,"20211119","정상운영","2021-12-08","실내","35.2365623134849","50914",223,"4층","QOsKTty2FNkpN4k9uNrkH1mp1L8cgHzVgyso9UvG0T8=","농구","김해시","동상동","김해시","50914","055-336-5787","128.88462789478","2023-01-19","신고","경상남도","시스템스포츠아카데미","경상남도 김해시 호계로 516(동상동)","Y","체육교습업","경상남도 김해시 동상동 807-10"
"경상남도","N","",134,"20211115","정상운영","2021-12-08","실내","35.225088648422","50939",264,"","iHN9L4glH0rAVwo2rDDI6zI1M3YE3Vk4bYi/I1rX0Cw=","농구","김해시","전하동","김해시","50939","","128.873930426568","2023-01-21","신고","경상남도","김해짐 키크기 농구교실","경상남도 김해시 전하로176번길 97-16(전하동)","Y","체육교습업","경상남도 김해시 전하동 21"
"경기도","N","",135,"20211130","정상운영","2021-12-17","실내","37.2192434605371","18343",198,"","Txjx/UKwIJu5y0rW2rdQvK4QCGO0SibWu5p/TaWyf1Y=","농구","화성시","기안동","화성시","18343","070-9857-8344","126.986833935751","2022-11-17","신고","경기도","써밋바스켓볼","경기도 화성시 융건로 77-12(기안동)","Y","체육교습업","경기도 화성시 기안동 457-198"
"경기도","N","",136,"20211126","정상운영","2021-12-06","없음","37.3274963151277","16873",328,"","fU1pALie3erIk6IQ8I0KS1dkKmEReTk0yjTe1nrrpdI=","농구","용인시","죽전동","용인시","16873","031-000-0000","127.11413374359","2022-02-18","신고","경기도","추승균 elit basketball academy","경기도 용인시 수지구 정든로 13(죽전동)","Y","체육교습업","경기도 용인시 수지구 죽전동 473-2"
"경기도","N","",137,"20211028","정상운영","2021-11-16","없음","37.5316153201376","12988",330,"","rZboO+Tv3l4/hIH+L5sC4e+tKUGxuu1eY8BIUZRVxec=","농구","하남시","초이동","하남시","12988","02-414-1812","127.165473254739","2022-10-20","신고","경기도","한국체대스포츠 아카데미 상일점","경기도 하남시 감초로 205-21(초이동)","Y","체육교습업","경기도 하남시 초이동 399"
"충청남도","N","",138,"20211111","정상운영","2021-11-16","없음","36.7836529530204","31504",494,"(방축동)","37wUvKup+NV7PnaECdK4SWrp2V0KwvkikXYHoWpJR0c=","농구","아산시","","아산시","31504","041-543-1999","126.991821379896","2021-11-16","신고","충청남도","아산농구클럽","충청남도 아산시 온천대로 1386-2(방축동)","Y","체육교습업","충청남도 아산시 방축동 131-100"
"대구광역시","N","",139,"20211116","정상운영","2021-11-26","실내","0","42165",459,"(상동)","W/yfjyg727Sijmbpbj3LErXBiZeGUL4fX5IRLBpaHQ4=","농구","수성구","","수성구","42165","","0","2021-11-26","신고","대구광역시","KBC 스포츠","대구광역시 수성구 신천동로 100(상동)","Y","체육교습업","대구광역시 수성구 상동 205-1"
"경기도","N","",140,"20211110","정상운영","2021-12-09","실내","0","14534",261,"B01호 (중동)","iJYwYzdJikpK65TIg9rdRGPSyVb1ViQDdBsFdiWqHJg=","농구","부천시","","부천시","14534","","0","2022-06-17","신고","경기도","제이와이운동발달센터","경기도 부천시 신흥로 262(중동)","Y","체육교습업","경기도 부천시 중동 1060-4"
"경기도","N","",141,"20211206","정상운영","2021-12-09","없음","37.3092112287539","16107",0,"","HAdGVMiTrzr91LMTf7Y5Az0wflgnQCpVQ5AmLgwhBD4=","농구","의왕시","월암동","의왕시","16107","","126.954887390547","2021-12-09","신고","경기도","링담농구교실","경기도 의왕시 월암길 44(월암동)","Y","체육교습업","경기도 의왕시 월암동 323-8"
"부산광역시","N","2층 201호 (중동)",142,"20211202","정상운영","2021-12-07","없음","35.1615582491552","48114",152,"2층 201호 (중동)","6RRTe3cKCGBQwy1usRgWZZ+KhoYtXZ2qq7n7BC4Ff5I=","농구","해운대구","중동","해운대구","48114","051-207-6788","129.1787142575","2021-12-08","신고","부산광역시","주니어 KT 소닉붐 해운대","부산광역시 해운대구 좌동순환로433번길 38-22(중동)","Y","체육교습업","부산광역시 해운대구 중동 1522-3"
"대구광역시","N","8층 803호",143,"20211021","폐업","2021-11-08","실내","35.94318371681","41409",126,"8층 803호","2FnLMzvh/v72j3Lyc24FHIRVjFsvt13SdxuOxDUq5bM=","농구","북구","연경동","북구","41409","","128.616311214663","2022-12-30","신고","대구광역시","더퍼스트스포츠에듀케이션","대구광역시 북구 연경중앙로3길 21(연경동)","Y","체육교습업","대구광역시 북구 연경동 952-2"
"경기도","N","",144,"20211105","정상운영","2021-11-08","없음","37.5883745103194","10541",260,"(덕은동)","lO+jFFfuyItycPDXoV2JWrrJtkcfzsyUgluwUoPfNmc=","농구","고양시","","고양시","10541","02-3158-2206","126.875580641198","2022-10-13","신고","경기도","아임스포츠킹","경기도 고양시 덕양구 덕은1로 23(덕은동)","Y","체육교습업","경기도 고양시 덕양구 덕은동 153-1"
"경기도","N","",145,"20211105","정상운영","2021-11-08","없음","0","10541",80,"(덕은동)","DGaDLeKYsw17tqi13Rerl6UVGHhXHthCtbjVPrRIeVQ=","농구","고양시","","고양시","10541","050-714-1262","0","2022-10-13","신고","경기도","아테네 스포츠","경기도 고양시 덕양구 덕은2로 15(덕은동)","Y","체육교습업","경기도 고양시 덕양구 덕은동 161-1"
"광주광역시","N","광주여대시립유니버시아드체육관 지하2층",146,"20211102","정상운영","2021-11-09","없음","35.1645628871195","62396",962,"광주여대시립유니버시아드체육관 지하2층","Jnt1HaV7KYilZeN5++DERlYd7hBImCu/durQnnfsAsU=","농구","광산구","산정동","광산구","62396","062-959-5949","126.798462857029","2022-02-22","신고","광주광역시","CJCK(씨제이씨케이)","광주광역시 광산구 광주여대길 6(산정동)","Y","체육교습업","광주광역시 광산구 산정동 산105-1 광주여대시립유니버시아드체육관"
"경기도","N","",147,"20211021","정상운영","2021-11-09","없음","37.3667730838476","13601",0,"","Pa6eFE3gltiMAC3QEVy5ObrV9sqoxq1biga4ZhyIKVI=","농구","성남시","수내동","성남시","13601","031-000-0000","127.127359940044","2022-12-20","신고","경기도","베스트원 스포츠클럽","경기도 성남시 분당구 불정로 260(수내동)","Y","체육교습업","경기도 성남시 분당구 수내동 88-5 장터조합상가"
"경기도","N","",148,"20211018","정상운영","2021-11-09","없음","37.3697248747272","13600",0,"","zYkbTeZehRDffweHmRVLEdMD+y44OG+EmbWybV4v3HI=","농구","성남시","수내동","성남시","13600","031-000-0000","127.12333496297","2021-11-09","신고","경기도","레이스 스포츠","경기도 성남시 분당구 돌마로356번길 3(수내동)","Y","체육교습업","경기도 성남시 분당구 수내동 79-1 그랜드빌딩"
"경기도","N","",149,"20211018","정상운영","2021-11-09","없음","37.3803400065088","13589",0,"","ZeD2vMAthnA1xNATyW81qPc/vxOzA39pOrF/mfY9wIo=","농구","성남시","서현동","성남시","13589","031-000-0000","127.129424511102","2021-11-09","신고","경기도","점핑아이 스포츠","경기도 성남시 분당구 중앙공원로40번길 4(서현동)","Y","체육교습업","경기도 성남시 분당구 서현동 93 현대카스빌딩"
"부산광역시","N","새삶교회",150,"20220310","정상운영","2022-03-14","실내","0","48111",551,"새삶교회 5층 (좌동)","ibR1PP+oTez3oTh9asyR1EwxDm5FSdl6ieuq97JFuow=","농구","해운대구","","해운대구","48111","","0","2022-12-22","신고","부산광역시","히어로 아카데미","부산광역시 해운대구 양운로42번길 6(좌동)","Y","체육교습업","부산광역시 해운대구 좌동 1486-3 새삶교회"
"부산광역시","N","",151,"20211019","정상운영","2021-12-31","없음","35.13817282448","48313",384,"","bAlwANodF9MtDHFVxcUr4TWdyRaPdwpvdx0AhZ5OKJQ=","농구","수영구","남천동","수영구","48313","","129.108174206656","2021-12-31","신고","부산광역시","밸런스스포츠아카데미","부산광역시 수영구 황령대로 497(남천동)","Y","체육교습업","부산광역시 수영구 남천동 556-15"
"경기도","N","",152,"20210524","정상운영","2021-12-31","없음","37.4598847814227","13101",351,"(신촌동)","d06TgtVeTEOVJdIH5ExT2nE8hLHGBWoc3lqW2sXsBwo=","농구","성남시","","성남시","13101","02-6160-4095","127.104425498571","2022-03-31","신고","경기도","얼라이브 유소년 스포츠클럽","경기도 성남시 수정구 신촌로20번길 13(신촌동)","Y","체육교습업","경기도 성남시 수정구 신촌동 192-3"
"경기도","N","부활교육센타",153,"20211230","정상운영","2021-12-31","실내","37.6215697585303","10518",233,"부활교육센타 B101호 (행신동)","fZYM4btaYau2E18L6gkDt3NEkx4bEl++sDgI0lVKgUA=","농구","고양시","","고양시","10518","031-971-1888","126.835798423921","2022-10-29","신고","경기도","스윙스","경기도 고양시 덕양구 충장로 118-54(행신동)","Y","체육교습업","경기도 고양시 덕양구 행신동 987 부활교육센타"
"경기도","N","",154,"20211222","정상운영","2021-12-27","없음","0","16073",475,"2층 (고천동)","L58GiUjOvvl06fHq+UN2vfajh8SJKaI7m6VD23DuXrw=","농구","의왕시","","의왕시","16073","031-459-5969","0","2021-12-27","신고","경기도","라온농구교실","경기도 의왕시 오전공업길 36(고천동)","Y","체육교습업","경기도 의왕시 고천동 474"
"서울특별시","N","",155,"20211209","정상운영","2021-12-22","없음","37.4764883431584","06748",196,"","o4dkI6E3y8bXT1UL55MPgfpojhmiAsKWzxSzt2h79PY=","농구","서초구","양재동","서초구","06748","02-334-1388","127.039436802942","2021-12-22","신고","서울특별시","KK주니어","서울특별시 서초구 양재천로21길 18(양재동)","Y","체육교습업","서울특별시 서초구 양재동 98 블루스카이"
"경기도","N","",156,"20211102","정상운영","2022-01-06","없음","37.3111139624538","16928",289,"","+MS3PFTBT278XLhLZSJN6GZr8NbxYd8UnHtDp2o4D48=","농구","용인시","보정동","용인시","16928","","127.092732456195","2022-10-29","신고","경기도","에이블 농구교실","경기도 용인시 기흥구 이현로 93(보정동)","Y","체육교습업","경기도 용인시 기흥구 보정동 429"
"경기도","N","",157,"20210202","정상운영","2022-01-06","없음","37.2960069150106","16932",340,"","K8SEIVAmgM4PcYDZ8ZUEeoIny6ne04rJIm+DrDxyz5I=","농구","용인시","보정동","용인시","16932","","127.100685219071","2022-12-15","신고","경기도","에이블 스포츠","경기도 용인시 기흥구 신수로 294(보정동)","Y","체육교습업","경기도 용인시 기흥구 보정동 988-1"
"인천광역시","N","",158,"20211124","정상운영","2021-12-23","실내","0","22360",384,"(운북동)","xluNLra6TrOlkHhl/vMiW6U1Vw9CGKGhneTjgfrw3PU=","농구","중구","","중구","22360","032-751-7289","0","2022-06-09","신고","인천광역시","국제농구교실","인천광역시 중구 젓개로46번길 80(운북동)","Y","체육교습업","인천광역시 중구 운북동 572-32"
"인천광역시","N","",159,"20211115","정상운영","2021-12-23","실내","37.4505915894353","22334",495,"","I7IIBcxOroTbGtULmrka3WAf8u747sx+awuZLr7V1t4=","농구","중구","신흥동3가","중구","22334","032-888-5969","126.629866298732","2022-02-24","신고","인천광역시","팀케이농구교실","인천광역시 중구 축항대로291번길 34-3(신흥동3가)","Y","체육교습업","인천광역시 중구 신흥동3가 33-43"
"인천광역시","N","",160,"20210707","정상운영","2021-12-23","실내","37.4989572844453","22359",360,"","pVi80FZjSG4bqu3o9xu01I5cDDlIuya9R8Z1/wiwE2U=","농구","중구","운남동","중구","22359","032-752-0701","126.537614475221","2021-12-23","신고","인천광역시","하늘농구교실","인천광역시 중구 운남로 248(운남동)","Y","체육교습업","인천광역시 중구 운남동 559-8 덕수정미소"
"울산광역시","N","",161,"","정상운영","2021-12-24","실내","35.5641619380282","44250",247,"","DSKTUdJQJwS/kMuhSD+Rr70sBLf50rS+T7IPnD4kkig=","농구","북구","진장동","북구","","052-913-0909","129.355075294132","2022-06-22","신고","울산광역시","LHW 키크는 농구교실","울산광역시 북구 고헌로 198(진장동)","Y","체육교습업","울산광역시 북구 진장동 716-6"
"서울특별시","N","",162,"20211208","정상운영","2022-01-10","없음","37.4769666753864","05814",1220,"(장지동)","iGt3S29UeSrhaBtwRK1F8rWaeHGvO+K0i1Zb52M1kNk=","농구","송파구","","송파구","05814","","127.133353767027","2022-01-10","신고","서울특별시","올댓바스켓 위례센터","서울특별시 송파구 위례순환로 486(장지동)","Y","체육교습업","서울특별시 송파구 장지동 904-5"
"서울특별시","N","수인관 (정릉동)",163,"20210614","정상운영","2022-03-15","없음","37.6139581341003","02713",990,"수인관 (정릉동)","Hq3PkmV8UkYxG6OD2L5WSNJDmVw4AUbfpnig42m7b38=","농구","성북구","정릉동","성북구","02713","","127.012924323712","2022-03-16","신고","서울특별시","케이앤제이 비비씨","서울특별시 성북구 서경로 118(정릉동)","Y","체육교습업","서울특별시 성북구 정릉동 산16-46 대일관광디자인고등학교"
"경기도","N","하이런빌딩",164,"20220308","정상운영","2022-03-15","실내","0","14917",478,"하이런빌딩 지하층 (은행동)","Z1AOE9nCy/fzYTweElZqwgBsjmCUEqJ8L0NdEGOYc1Y=","농구","시흥시","","시흥시","14917","031-313-2131","0","2022-03-31","신고","경기도","한국 스포츠 아카데미","경기도 시흥시 대은로 80(은행동)","Y","체육교습업","경기도 시흥시 은행동 536-3 하이런빌딩"
"제주특별자치도","N","",165,"20211215","정상운영","2022-03-17","없음","","63060",205,"나동","og9K8zNjS2a6ybP0r5OzxHi6uvcCXDuv06srfvG5UfY=","농구","제주시","광령리","제주시","63060","","","2022-04-19","신고","제주특별자치도","JBLC 유소년 농구클럽","제주특별자치도 제주시 애월읍 하광로 284, 나동","Y","체육교습업","제주특별자치도 제주시 애월읍 광령리 3860-1 나동 "
"서울특별시","N","",166,"20211123","정상운영","2022-03-07","실내","37.4904171794387","06990",210,"","YcAWaUECLUNW/XT2YAKY13DJZ547YLzhi1eS18Ec0jE=","농구","동작구","사당동","동작구","06990","","126.975825319818","2022-03-07","신고","서울특별시","리더짐","서울특별시 동작구 동작대로29길 115(사당동, 사당우성아파트)","Y","체육교습업","서울특별시 동작구 사당동 105 사당우성아파트"
"경기도","N","",167,"20210614","정상운영","2021-12-19","없음","","11475",395,"가동 (율정동)","y3emQiASCNnagy/zvnf0kZMoYplEisxh8pDobxsUEws=","농구","양주시","율정동","양주시","11475","070-7724-5982","","2021-12-20","신고","경기도","키움스포츠","경기도 양주시 율정로199번길 136-14, 가동 (율정동)","Y","체육교습업","경기도 양주시 율정동 201-1 "
"경기도","N","",168,"20211124","정상운영","2021-12-19","실내","37.8023889312574","11494",665,"","l9L68ze8pvKG0CX6n4g9LseXA2mRZyikbqRVwWlIc+g=","농구","양주시","만송동","양주시","11494","031-842-0501","127.084995811507","2022-11-22","신고","경기도","클로버 스포츠 클럽","경기도 양주시 부흥로 2038-47(만송동)","Y","체육교습업","경기도 양주시 만송동 246-4"
"경상북도","N","",169,"20211122","정상운영","2021-12-28","없음","0","39205",340,"(봉곡동)","7FffSoQKDQkmVakEmDc2DeCYnLRZcDTZYKN0I/5APe8=","농구","구미시","","구미시","39205","","0","2021-12-28","신고","경상북도","피닉스 키즈 스포츠","경상북도 구미시 봉곡북로13길 24(봉곡동)","Y","체육교습업","경상북도 구미시 봉곡동 106-3"
"부산광역시","N","",170,"20220103","정상운영","2022-02-03","없음","35.3211912784683","46015",376,"","VuuAfB4CKRDAHpgBe9B8Nd8yJyWhJkrZqx8z8V6ciG0=","농구","기장군","매학리","기장군","46015","051-727-1977","129.178279212468","2022-02-03","신고","부산광역시","아이비스포츠(정관점)","부산광역시 기장군 정관읍 정관중앙로 45","Y","체육교습업","부산광역시 기장군 정관읍 매학리 717-6"
"대전광역시","N","",171,"20211028","정상운영","2021-12-20","없음","36.3220788042609","34909",180,"1동 702호 (오류동)","3XrktZSYUGMhHgGi7+/Fi+DyWDLrAmCuqr6NohxTsOs=","농구","중구","","중구","34909","","127.409838678717","2021-12-20","신고","대전광역시","MVP농구교실","대전광역시 중구 계백로 1715(오류동)","Y","체육교습업","대전광역시 중구 오류동 154-6"
"경기도","N","",172,"20211126","정상운영","2022-03-10","실내","36.9923919454653","17899",688,"","I0tuXA0CHOIAI1orr9nINFVomuwo0kb8xH4VUAcj9uk=","농구","평택시","비전동","평택시","17899","","127.101205056188","2022-03-10","신고","경기도","농구교실 JYB스포츠","경기도 평택시 평택4로 52(비전동)","Y","체육교습업","경기도 평택시 비전동 761"
"경기도","N","양우씨네플렉스 나동 지2층 B201호",173,"20211123","폐업","2021-12-30","없음","37.6894849508083","10237",562,"양우씨네플렉스 나동 지2층 B201호","ghZ1PZVmepUEZWKo8hgI7nEXNhmKlPBWjdt88cwv26E=","농구","고양시","덕이동","고양시","10237","031-922-9072","126.757011272918","2023-05-03","신고","경기도","AND ONE SPORTS CLUB","경기도 고양시 일산서구 덕이로 20(덕이동)","Y","체육교습업","경기도 고양시 일산서구 덕이동 219-8 양우씨네플렉스"
"경기도","N","스포라이프 스포츠센타 4층 B호 (정자동)",174,"20211214","정상운영","2022-03-04","실내","37.3653233863252","13607",60,"스포라이프 스포츠센타 4층 B호 (정자동)","9oYM+z6xnvh6I/QrX2wStI9iz5x/a3iqsJYDvAY78Wo=","농구","성남시","정자동","성남시","13607","","127.115180243325","2022-03-04","신고","경기도","에이치 농구교실","경기도 성남시 분당구 내정로 58(정자동)","Y","체육교습업","경기도 성남시 분당구 정자동 117-1 스포라이프 스포츠센타"
"경기도","N","스포라이프 스포츠센타 4층 B호 (정자동)",175,"20211209","정상운영","2022-03-04","실내","37.3653233863252","13607",511,"스포라이프 스포츠센타 4층 B호 (정자동)","jR1H5v8A3ZiJ+YnNj+vNqHvdYtV1KVP+1Zw74vOd358=","농구","성남시","정자동","성남시","13607","","127.115180243325","2022-03-04","신고","경기도","JE 농구교실","경기도 성남시 분당구 내정로 58(정자동)","Y","체육교습업","경기도 성남시 분당구 정자동 117-1 스포라이프 스포츠센타"
"경기도","N","삼부빌딩 지하1층 B101호 (야탑동)",176,"20211122","정상운영","2022-03-04","실내","37.4087823430472","13522",247,"삼부빌딩 지하1층 B101호 (야탑동)","IEdP+OUEasQTbtXl+hrEQ5DHsFgfWuXDNW7i1QN3Hpc=","농구","성남시","야탑동","성남시","13522","031-705-0230","127.122608070821","2022-03-04","신고","경기도","K 스포츠클럽","경기도 성남시 분당구 야탑로 32(야탑동)","Y","체육교습업","경기도 성남시 분당구 야탑동 537-6 삼부빌딩"
"경기도","N","",177,"20220216","정상운영","2022-02-23","없음","37.2245524597413","18309",285,"","alQ9y9kOQ1BqDhkiov+MXVYOZdCvTEmQdrMmeZT20Tg=","농구","화성시","상리","화성시","18309","","126.94714455903","2022-06-29","신고","경기도","나이츠 농구교실 봉담점","경기도 화성시 봉담읍 상리2길 51","Y","체육교습업","경기도 화성시 봉담읍 상리 690-3"
"서울특별시","N","",178,"20211118","정상운영","2022-03-08","실내","37.4920550488974","08730",176,"","dVTlK0ZegJ0YnT0VrT0ZEegZKcBv5hnHhGe5DUH+wH4=","농구","관악구","봉천동","관악구","08730","","126.95892477375","2022-03-08","신고","서울특별시","하이 점프 짐","서울특별시 관악구 관악로40길 47(봉천동)","Y","체육교습업","서울특별시 관악구 봉천동 1000 현대상가"
"경상남도","N","2층",179,"20211130","정상운영","2022-02-23","없음","35.2320512872167","51416",359,"2층","CLlXbZkACJdLQMOH2/OZF2Ok81/1cwBuv8J1oEOYzwg=","농구","창원시","","창원시 성산구","51416","","128.651113292212","2022-02-23","신고","경상남도","프렌즈농구교실","경상남도 창원시 성산구 대원로27번길 22(대원동)","Y","체육교습업","경상남도 창원시 성산구 대원동 96-7"
"경상남도","N","미래빌딩",180,"20211102","정상운영","2022-02-23","없음","35.1950010993818","51475",163,"미래빌딩 4층 401호 (성주동)","/iG9ddEGuHF8kgN7S1CbB/TmSBhsSaEXleDhwyZV25c=","농구","창원시","","창원시","51475","","128.713582057893","2022-02-23","신고","경상남도","점프유소년클럽","경상남도 창원시 성산구 삼정자로72번길 33(성주동)","Y","체육교습업","경상남도 창원시 성산구 성주동 163-3 미래빌딩"
"경기도","N","지하1층 비07호",181,"20220214","정상운영","2022-02-15","실내","37.5052229479291","14544",350,"지하1층 비07호","qkw8v7dm0qqkKTafZr5Jabs63BbDM1ADWtMi8ibme40=","농구","부천시","상동","부천시","14544","","126.752415072561","2022-05-11","신고","경기도","스포츠킹덤","경기도 부천시 상동로 87(상동)","Y","체육교습업","경기도 부천시 상동 544-4 가나베스트타운 쓰리"
"부산광역시","N","",182,"20211124","정상운영","2021-12-28","실내","35.1719352517508","47222",61,"6층 (양정동)","CjIXzBBiFHZs5U0pBKblnEgq/oj7XHv1gJ9kbbEyrx4=","농구","부산진구","","부산진구","47222","","129.071653188993","2022-07-15","신고","부산광역시","양정 어썸 스포츠 센터","부산광역시 부산진구 양지로11번길 67(양정동)","Y","체육교습업","부산광역시 부산진구 양정동 350-8"
"부산광역시","N","한신센타뷰",183,"20211124","정상운영","2021-12-28","실내","35.1551481825055","47272",203,"3층 306호 (가야동, 한신센타뷰)","UspJ+2F2Jm8qcwfEPTbodF1Zzxlkj6LB6l4kPxBB61Y=","농구","부산진구","","부산진구","47272","051-924-4747","129.036999074696","2021-12-28","신고","부산광역시","뉴키즈 스포츠클럽","부산광역시 부산진구 가야대로 597(가야동, 한신센타뷰)","Y","체육교습업","부산광역시 부산진구 가야동 56-2 한신센타뷰"
"경상남도","N","미래빌딩 5층 501호(성주동)",184,"20211026","정상운영","2022-02-24","없음","35.1950010993818","51475",163,"미래빌딩 5층 501호(성주동)","ViyKqTJH+VDro5z6BrhlclQms+yjrPx/BxwRfxleIG4=","농구","창원시","성주동","창원시","51475","","128.713582057893","2022-02-24","신고","경상남도","드림농구아카데미","경상남도 창원시 성산구 삼정자로72번길 33(성주동)","Y","체육교습업","경상남도 창원시 성산구 성주동 163-3 미래빌딩"
"경기도","N","",185,"20220112","정상운영","2022-08-23","실내","37.8039803716667","11459",392,"","YHOZRiZvARphnh3rnY66rckPhBDxt+Pi6NtxnDFQ2CI=","농구","양주시","고읍동","양주시","11459","031-821-4429","127.073642938192","2022-08-23","신고","경기도","고려대스포츠아카데미","경기도 양주시 청담로42번길 42(고읍동)","Y","체육교습업","경기도 양주시 고읍동 420-2"
"경기도","N","",186,"20220503","정상운영","2022-05-16","실내","37.2324522332627","16668",336,"","ayNQUt5xrikIIP3hwUnwbCgq5yLHARFZX17CJKzpydw=","농구","수원시","곡반정동","수원시 권선구","16668","031-234-8582","127.028731245107","2022-05-16","신고","경기도","라온스포츠클럽","경기도 수원시 권선구 곡반정로 64-40(곡반정동)","Y","체육교습업","경기도 수원시 권선구 곡반정동 346-2"
"경기도","N","",187,"20220525","정상운영","2022-05-26","없음","37.4528849468009","14923",396,"","p2PISNj9nOc1mWgMxSqQ9MThJzerT87OKDfS+/twmb4=","농구","시흥시","대야동","시흥시","14923","","126.799713544922","2022-05-26","신고","경기도","비브라더스","경기도 시흥시 은계중앙로306번길 32(대야동)","Y","체육교습업","경기도 시흥시 대야동 665-1"
"충청남도","N","",188,"20210917","정상운영","2022-09-03","없음","36.767795445867","31206",247,"","jam4/y4WoZF//j4IvPS2q8MjQ/3MeFg6cDcZP+7i0tQ=","농구","천안시","신방동","천안시 동남구","31206","","127.133994409665","2022-09-03","신고","충청남도","KBA 농구교실","충청남도 천안시 동남구 풍세로 644(신방동)","Y","체육교습업","충청남도 천안시 동남구 신방동 266-1"
"경기도","N","",189,"20220530","정상운영","2022-06-17","없음","0","12986",395,"(초이동)","mUXL8z4dw4STFkMZCGhToojksw8qi/6+C+qFz0ykENQ=","농구","하남시","","하남시","12986","","0","2022-06-17","신고","경기도","코리아 바스켓볼 아카데미(팀코리아)","경기도 하남시 초이로126번길 45(초이동)","Y","체육교습업","경기도 하남시 초이동 152-2"
"경기도","N","1단지상가",190,"20220609","정상운영","2022-07-29","없음","0","13804",112,"1단지상가 3층 304호 (중앙동)","t5vTP30BsOCXOpQq+15QRQvUKU/KbHmSps8leyzAhKI=","농구","과천시","","과천시","13804","","0","2022-07-29","신고","경기도","링담농구교실","경기도 과천시 관문로 130(중앙동)","Y","체육교습업","경기도 과천시 중앙동 36 1단지상가"
"인천광역시","N","101호",191,"20220107","정상운영","2022-05-04","실내","37.5262771582615","21104",540,"101호","GAblx0usIiFbF0C7nS9sg5oG9UJM8a8+ogt2k4aFbuA=","농구","계양구","효성동","계양구","21104","032-544-5968","126.697642009888","2022-09-17","신고","인천광역시","농구스포츠클럽","인천광역시 계양구 효서로 17(효성동)","Y","체육교습업","인천광역시 계양구 효성동 623-110"
"인천광역시","N","402호",192,"20211123","정상운영","2022-05-04","실내","37.5395798623477","21060",323,"402호","rQVLryT6xHD6HaPrbCkyN4HM7niA7r4Brg3tLrtaXlw=","농구","계양구","계산동","계양구","21060","032-543-1291","126.735284686606","2022-09-17","신고","인천광역시","경희 짐플레이 스포츠","인천광역시 계양구 계산새로65번길 15(계산동)","Y","체육교습업","인천광역시 계양구 계산동 1063-2 서협빌딩"
"경기도","N","",193,"20220418","정상운영","2022-07-01","없음","37.6200562636111","11910",432,"(인창동)","pBHj8uoy4uTLZhBL8KWL08CeWiU4zMeH43UFo8LQ96M=","농구","구리시","","구리시","11910","","127.139728173917","2022-07-01","신고","경기도","박스타아카데미","경기도 구리시 동구릉로 247-11(인창동)","Y","체육교습업","경기도 구리시 인창동 14-21"
"경기도","N","",194,"20220311","정상운영","2022-07-01","없음","0","11960",499,"2층 (토평동)","qnZMvCK6kTs9Ctrar8u7yedv4YdxrTvhgt+3RG4YmXY=","농구","구리시","","구리시","11960","","0","2022-07-01","신고","경기도","인사이드 바스켓볼","경기도 구리시 코스모스길215번길 40(토평동)","Y","체육교습업","경기도 구리시 토평동 28-6"
"경기도","N","",195,"20220103","정상운영","2022-07-01","없음","0","11960",413,"(토평동)","2xllnE5ASyahrVhbbeUdZeJlnnzr8QBDbXkehD9rOuQ=","농구","구리시","","구리시","11960","","0","2022-07-01","신고","경기도","보람아카데미","경기도 구리시 벌말로128번길 48(토평동)","Y","체육교습업","경기도 구리시 토평동 317"
"부산광역시","N","",196,"20220622","정상운영","2022-07-05","없음","35.3265089289969","46020",495,"","qZ1DXwZzTTqCdbPKkCNBZz+DjvYkSIuYBCApnrdjs4w=","농구","기장군","예림리","기장군","46020","","129.207584064922","2022-07-05","신고","부산광역시","더 그릿 정관(THE GRIT JEONGGWAN)","부산광역시 기장군 정관읍 예림1로 75-1","Y","체육교습업","부산광역시 기장군 정관읍 예림리 610-4"
"인천광역시","N","삼산월드체육관 보조체육관",197,"20220623","정상운영","2022-07-05","실내","37.5077018329925","21343",1042,"삼산월드체육관 보조체육관 (삼산동)","0LPUfvPvC1S5UzwKAT7nxpy1oKdHVUK4ZJu5TfpMUIg=","농구","부평구","삼산동","","21343","02-6100-3246","126.737537504394","2022-11-04","신고","인천광역시","SK나이츠 유소년농구교실","인천광역시 부평구 체육관로 60(삼산동)","Y","체육교습업","인천광역시 부평구 삼산동 458-1 삼산월드체육관"
"서울특별시","N","송파 테라타워2",198,"20220901","정상운영","2022-09-07","없음","","05854",1,"송파 테라타워2 B동 1215호 (문정동)","tjypNjKZY79bcJRLKtw8M5Mjc+ZidGNZgW5I2Q4VdTY=","농구","송파구","잠실동","송파구","05854","","","2022-09-21","신고","서울특별시","삼성리틀썬더스 잠실본점","서울특별시 송파구 송파대로 201, 송파 테라타워2 B동 1215호 (문정동)","Y","체육교습업","서울특별시 송파구 문정동 642 송파 테라타워2 B동 1215호"
"경상남도","N","",199,"20211109","정상운영","2022-05-13","없음","35.3977021657931","50536",197,"(명동)","3feIuzzm8f88LqrYPI4y7QtrERIETk63UCRYzPTnAzU=","농구","양산시","","양산시","50536","","129.165861655711","2022-05-14","신고","경상남도","바스켓몽스포츠","경상남도 양산시 명동5길 21-1(명동)","Y","체육교습업","경상남도 양산시 명동 344-18"
"경기도","N","",200,"20211223","정상운영","2022-05-20","없음","37.5777755360853","12269",315,"","xJbSMTslamRjQWOLZB0A5ZRK6jeQxGLwrTgyN8PDRyk=","농구","남양주시","","남양주시","12269","","127.235687027249","2022-05-20","신고","경기도","팀 리얼","경기도 남양주시 와부읍 궁촌로64번길 11","Y","체육교습업","경기도 남양주시 와부읍 도곡리 669-30"
"서울특별시","N","",201,"20211013","정상운영","2022-04-29","없음","37.5524071848438","04728",0,"","UphrvMgtOOjAi8Fy2q56nWkMSso3urOtLys+PCIydP4=","농구","성동구","금호동2가","성동구","04728","02-2233-5153","127.020756961472","2022-04-29","신고","서울특별시","홍익스포츠","서울특별시 성동구 무수막길 74(금호동2가)","Y","체육교습업","서울특별시 성동구 금호동2가 513-1 동그라미 어린이집"
"경기도","N","",202,"20211006","정상운영","2022-04-29","없음","37.6188685303434","12285",119,"","PZK3FDxf608IdtsOET8+TNPQsN6PJ/Hh9mIu9dq1m+A=","농구","남양주시","","남양주시","12285","070-8824-5712","127.15771334617","2022-10-05","신고","경기도","스티즈 농구교실 다산점","경기도 남양주시 다산순환로 432(다산동)","Y","체육교습업","경기도 남양주시 다산동 6130-5 다산진건지구 근생 3-2-2"
"경기도","N","",203,"20220413","정상운영","2022-04-29","실내","37.2840798909361","17324",348,"","bM5LdRYHd/C+Jzvi3EnsBZjNuX/mqK/ZFzKqTc/dbok=","농구","이천시","무촌리","이천시","17324","","127.476991763197","2022-04-30","신고","경기도","KC 스포츠 아카데미","경기도 이천시 부발읍 무촌로 21-53","Y","체육교습업","경기도 이천시 부발읍 무촌리 412"
"강원도","N","",204,"20211123","정상운영","2022-04-29","실내","0","26456",375,"(행구동)","+3NXMPzMPLNSakrB1v+rs7vbjRhIsI54/G/+ToyjSrw=","농구","원주시","","원주시","26456","033-746-5277","0","2022-04-30","신고","강원도","와이키키스포츠","강원도 원주시 행구로 162(행구동)","Y","체육교습업","강원도 원주시 행구동 1747-6"
"강원도","N","원주국민체육센터",205,"20211119","정상운영","2022-04-29","실내","0","26447",500,"원주국민체육센터 (명륜동)","MlCCY//UzQgppiDXyAYxarfnhb8O61de7IDq5gh/PIA=","농구","원주시","","원주시","26447","033-765-0025","0","2022-04-29","신고","강원도","JBC","강원도 원주시 남원로 551(명륜동)","Y","체육교습업","강원도 원주시 명륜동 555 원주국민체육센터"
"강원도","N","",206,"20211111","정상운영","2022-04-29","실내","0","26348",498,"","tMeaMqd4tOhBQYEbF4avbgGVgrQE/dzrxsL89akZnmY=","농구","원주시","","원주시","26348","033-765-0025","0","2022-04-30","신고","강원도","제이비씨","강원도 원주시 지정면 하차면길 11","Y","체육교습업","강원도 원주시 지정면 신평리 207"
"경기도","N","1층",207,"20220316","정상운영","2022-04-05","실내","37.2932249252127","16370",280,"1층","dYnkzztshjhq3pHpLHnP5WCJsV6Yi5uSCsCjACO5S+M=","농구","수원시","입북동","수원시 권선구","16370","031-269-7476","126.960084901324","2022-04-05","신고","경기도","KT유소년농구교실","경기도 수원시 권선구 입북로 16(입북동)","Y","체육교습업","경기도 수원시 권선구 입북동 249-9"
"강원도","N","",208,"20211108","정상운영","2022-04-29","실내","37.3440446181368","26455",325,"(행구동)","rUmIktaJYvruyfg+qYUpgngMUtcMUDwbylsGqbjyxJo=","농구","원주시","","원주시","26455","033-761-8718","128.000767816528","2022-04-30","신고","강원도","원주 주니어 농구교실 협동조합","강원도 원주시 행구로 397-4(행구동)","Y","체육교습업","강원도 원주시 행구동 700-1"
"경기도","N","",209,"20220610","정상운영","2022-06-13","실내","37.3661695663608","15009",221,"","dIqXcwe1JdxPjSQsgpQ1laRBTkgN7p1T7dQEtHtv/6c=","농구","시흥시","정왕동","시흥시","15009","031-499-5447","126.747756610185","2022-06-13","신고","경기도","(주)제이디케이스포츠, 퍼스트농구교실","경기도 시흥시 봉화로143번길 21(정왕동)","Y","체육교습업","경기도 시흥시 정왕동 125-1"
"대전광역시","N","2~3층",210,"20211115","정상운영","2022-04-07","실내","36.3411507728533","34210",738,"2~3층","LPO+Am+CfbaJ9v5Ye/KisbjATVcF2sMM/FlUXnUS3ww=","농구","유성구","학하동","유성구","34210","042-369-4449","127.308729204425","2022-04-08","신고","대전광역시","김영수농구교실","대전광역시 유성구 학하북로 75-21(학하동)","Y","체육교습업","대전광역시 유성구 학하동 716-7"
"서울특별시","N","잠실엘스 A동 301, 302호",211,"20220128","정상운영","2022-08-26","없음","","05501",203,"잠실엘스 A동 301, 302호 (잠실동)","I/ToXGtBQYwmT8LVlijDvQwPMM9tl8JFMSuAfuWWMSY=","농구","송파구","잠실동","송파구","05501","","","2022-08-27","신고","서울특별시","STG 스포츠","서울특별시 송파구 올림픽로 111, 잠실엘스 A동 301, 302호 (잠실동)","Y","체육교습업","서울특별시 송파구 잠실동 19-8 잠실엘스 A동 301, 302호 "
"부산광역시","N","새롬빌딩",212,"20220526","정상운영","2022-08-31","없음","35.2544563656442","46230",451,"새롬빌딩 9층 (구서동)","yuLgflG8+E/iTvkeJYFtvt6+wXCbxZ9y6XxCMZk5wt0=","농구","금정구","","금정구","46230","051-514-6112","129.08804974437","2022-08-31","신고","부산광역시","조이플레이 하늘코트","부산광역시 금정구 금강로 528(구서동)","Y","체육교습업","부산광역시 금정구 구서동 192-1 새롬빌딩"
"강원도","N","",213,"20220216","정상운영","2022-04-21","없음","37.8468551127374","24455",492,"","hus+4Xsn7eyQsiDvWdBfisF+P91FPgewaiEtzAyWCU4=","농구","춘천시","퇴계동","춘천시","24455","","127.730988124685","2022-04-21","신고","강원도","제이킴 스포츠클럽","강원도 춘천시 솟발1길 10(퇴계동)","Y","체육교습업","강원도 춘천시 퇴계동 500-10"
"서울특별시","N","지하1층 (삼전동)",214,"20210305","정상운영","2022-08-26","없음","37.5022172215745","05585",178,"지하1층 (삼전동)","N9oYkQkeXbl/apHvD9cgMJ3YjGH19Q2V5s5cbszK7kE=","농구","송파구","삼전동","송파구","05585","02-415-5857","127.096268565523","2022-08-26","신고","서울특별시","오바른짐","서울특별시 송파구 백제고분로 270(삼전동)","Y","체육교습업","서울특별시 송파구 삼전동 180-4"
"전라남도","N","2층",215,"20211003","정상운영","2022-08-26","없음","34.8131123725266","58567",403,"2층","lDIfU4RWVqEaz9m48mS6U7qbEosp4tUUsV8K2U+8kH0=","농구","무안군","남악리","무안군","58567","","126.466941750084","2023-05-10","신고","전라남도","코비짐 더 바스켓볼","전라남도 무안군 삼향읍 남악4로82번길 7","Y","체육교습업","전라남도 무안군 삼향읍 남악리 1492"
"경기도","N","",216,"20220316","정상운영","2022-03-25","실내","0","10264",198,"1동 (내유동)","LBcAAUBD0GKVcf2WAILter2aUenLJuSC5aiV9LuovbY=","농구","고양시","","고양시","10264","","0","2022-10-13","신고","경기도","아테네 농구교실","경기도 고양시 덕양구 통일로 1080(내유동)","Y","체육교습업","경기도 고양시 덕양구 내유동 297-15"
"대구광역시","N","",217,"20220829","정상운영","2022-10-11","없음","35.8621493919554","42005",193,"","Dsm/d2tPvHh7RYUvYMNGe5fMCnrNZwFhCRJ8AWa0xlI=","농구","수성구","수성동4가","수성구","42005","","128.617615644409","2022-10-11","신고","대구광역시","더 퍼스트 스포츠에듀케이션","대구광역시 수성구 들안로 359(수성동4가)","Y","체육교습업","대구광역시 수성구 수성동4가 1023-45"
"경기도","N","",218,"20220705","정상운영","2022-07-08","실내","37.369578665502","14999",360,"","BNGoRu0CHoFGa+5flHXjilyMtnDQYFwNhPoZeS2Nm6M=","농구","시흥시","능곡동","시흥시","14999","031-315-1244","126.807234678135","2022-07-08","신고","경기도","피포유스포츠 장현","경기도 시흥시 능곡번영길 25(능곡동)","Y","체육교습업","경기도 시흥시 능곡동 211-3"
"충청북도","N","",219,"20220210","정상운영","2022-06-14","실내","36.6614427628499","28293",494,"","H3xZNfd5flFqL26keBW/Tw6y9sVxB7GvmYKYAaGX9wg=","농구","청주시","송절동","청주시 흥덕구","28293","","127.451642061354","2022-12-01","신고","충청북도","클린샷 농구교실 테크노폴리스","충청북도 청주시 흥덕구 원터로 25(송절동)","Y","체육교습업","충청북도 청주시 흥덕구 송절동 365"
"충청북도","N","1동",220,"20220110","정상운영","2022-06-14","실내","36.6445853127356","28359",198,"1동","y2a/iIU7zD3v3fN1MyH7pcATwVcxH/bK97N+cHy5HKA=","농구","청주시","지동동","청주시 흥덕구","28359","","127.414841016024","2022-06-29","신고","충청북도","플로터","충청북도 청주시 흥덕구 지동로 13-28(지동동)","Y","체육교습업","충청북도 청주시 흥덕구 지동동 90-1"
"경기도","N","",221,"20220412","폐업","2022-06-15","없음","0","10119",196,"B동 (풍무동)","VEPRIJgxqv0glpSUTDInZxPx2WruMfET4ezSXCM7Vvg=","농구","김포시","","김포시","10119","","0","2022-12-28","신고","경기도","삼성리틀썬더스 농구교실","경기도 김포시 풍무로69번길 17(풍무동)","Y","체육교습업","경기도 김포시 풍무동 428"
"충청남도","N","",222,"20220316","정상운영","2022-06-15","없음","36.8037023358871","31459",196,"","FYIBfO3/FGgx7p+OzGUYq8YG6FeCYZA6YX0TeAjEZwo=","농구","아산시","매곡리","아산시","31459","041-427-4278","127.092309526483","2022-06-15","신고","충청남도","글로우스포츠(GLOW SPORTS)","충청남도 아산시 탕정면 선문로254번길 78-28","Y","체육교습업","충청남도 아산시 탕정면 매곡리 116"
"경상북도","N","",223,"20220922","정상운영","2022-09-23","실내","0","38653",280,"2층 (정평동)","qsOjLxctRnKuFyk5S9kaaogUClmS0iq9Bb4BIqFlIL0=","농구","경산시","","경산시","38653","","0","2022-12-08","신고","경상북도","더퍼스트 스포츠 에듀케이션","경상북도 경산시 성동로 13(정평동)","Y","체육교습업","경상북도 경산시 정평동 187-1"
"경기도","N","",224,"20211208","정상운영","2022-11-01","실내","0","12268",281,"1층 (수석동)","8quV9nr6vmn+Y5fhxLe4FxecRufzn83cuqZR4yLmUWw=","농구","남양주시","","남양주시","12268","031-558-3999","0","2022-11-01","신고","경기도","리틀썬더스","경기도 남양주시 강변북로661번길 26(수석동)","Y","체육교습업","경기도 남양주시 수석동 351-12"
"경상남도","N","",225,"20220524","정상운영","2022-10-06","없음","35.3196053274419","50603",199,"2층","MKLg3sP+LqxfvOgv5uD2HnLgtvcoEOpXxIbU9rw7sEE=","농구","양산시","","양산시","50603","","128.993893508968","2022-10-06","신고","경상남도","두드림스포츠클럽","경상남도 양산시 물금읍 가촌동1길 46","Y","체육교습업","경상남도 양산시 물금읍 가촌리 530-3"
"세종특별자치시","N","",226,"20220314","정상운영","2022-03-29","없음","36.4840497251735","30126",326,"","s60zFfJayKKRqKWcStDCZvrdLOWi+D/DcLz9irZ+fgI=","농구","세종시","새롬동","세종시","30126","","127.251836083244","2022-03-29","신고","세종특별자치시","더 퍼스트 농구클럽","세종특별자치시 새롬중앙로 33(새롬동)","Y","체육교습업","세종특별자치시 새롬동 592 새뜸프라자"
"경상남도","N","",227,"20220524","정상운영","2022-05-27","없음","0","50603",240,"2층","iXKaI//g0NCbi58Yl7CReaYdtm8cJqt4puOVai5o8Hs=","농구","양산시","","양산시","50603","","0","2022-05-27","신고","경상남도","두드림 농구클럽","경상남도 양산시 물금읍 물금중앙길 41-43","Y","체육교습업","경상남도 양산시 물금읍 물금리 774-87"
"경기도","N","송화빌딩 지하 1층 (화정동)",228,"20220408","정상운영","2022-04-14","실내","37.6360963946037","10497",962,"송화빌딩 지하 1층 (화정동)","EqqWV5lUA7qS4yVSwAV1S4LAmQ/qhJi4jrArTp9uoD0=","농구","고양시","화정동","고양시","10497","","126.832562693397","2022-10-13","신고","경기도","플레이짐 고양오리온스농구클럽","경기도 고양시 덕양구 화중로104번길 24(화정동)","Y","체육교습업","경기도 고양시 덕양구 화정동 967 송화빌딩"
"경기도","N","A동",229,"20211119","정상운영","2022-05-11","실내","37.708057192245","12083",797,"A동","9/xwP5Th7pgkMG694TnE9Srml+Hl3T6+v0pFEZPw6Y4=","농구","남양주시","청학리","남양주시","12083","","127.123143885013","2022-12-30","신고","경기도","노원·별내 SK주니어나이츠","경기도 남양주시 별내면 청학로54번길 20","Y","체육교습업","경기도 남양주시 별내면 청학리 412-6"
"전라남도","N","",230,"20211101","정상운영","2022-06-29","실내","34.765372619393","59677",165,"","ls1SJiB9kBk0iYTWgpWek31g0WKPxqSTNuNnNj42GaA=","농구","여수시","학동","여수시","59677","","127.665458013045","2022-07-05","신고","전라남도","플레이스포츠센터","전라남도 여수시 학동2길 22(학동, 프라임시티)","Y","체육교습업","전라남도 여수시 학동 39-13 프라임시티"
"경기도","N","",231,"20210909","정상운영","2022-06-28","없음","37.182581061102","18511",0,"(금곡동)","DyFBhp/Wcc9BRcqGfAxxGCPbS4upfPCBQm6JEntwTMI=","농구","화성시","","화성시","18511","","127.076294620898","2022-06-28","신고","경기도","KBC농구교실","경기도 화성시 금곡로249번길 20-8(금곡동)","Y","체육교습업","경기도 화성시 금곡동 147"
"서울특별시","N","",232,"20211129","정상운영","2022-11-08","없음","0","05358",630,"(둔촌동)","a6nuhEXISRxF+Qzo6fwZY3BL3r/PBOjzI1VPlvxBdEY=","농구","강동구","","강동구","05358","02-485-7945","0","2022-11-08","신고","서울특별시","프렌즈 바스켓","서울특별시 강동구 천호대로200길 29(둔촌동)","Y","체육교습업","서울특별시 강동구 둔촌동 582"
"서울특별시","N","",233,"20210507","정상운영","2022-11-14","실내","37.4736339480429","06314",325,"","ze3jFij8neGCn1A2CjnadH9sSamcBosYVIkRfpfuN2M=","농구","강남구","개포동","강남구","06314","","127.050757587208","2022-11-14","신고","서울특별시","바스(BAS) 농구클럽","서울특별시 강남구 논현로6길 17(개포동)","Y","체육교습업","서울특별시 강남구 개포동 1189-8 크리스탈테리아"
"광주광역시","N","",234,"20211119","정상운영","2022-11-08","없음","0","61035",840,"(일곡동)","10EKQXs5mrFKVkziCnK05nPFjssLQCP3iUHcCFOdHY4=","농구","북구","","북구","61035","","0","2022-11-08","신고","광주광역시","팀케이 농구교실","광주광역시 북구 일곡로49번길 67(일곡동)","Y","체육교습업","광주광역시 북구 일곡동 413"
"인천광역시","N","5층",235,"20220531","정상운영","2022-11-14","실내","37.5130333837772","22800",302,"5층","O/1H4i94W8HpY47XUUJnyfV1dIgHGv1AbOZq9BjrsyQ=","농구","서구","석남동","서구","22800","","126.677683436489","2022-11-14","신고","인천광역시","어반스포츠 아카데미","인천광역시 서구 서달로149번길 12-12(석남동)","Y","체육교습업","인천광역시 서구 석남동 469 명성빌딩"
"경기도","N","",236,"20220808","정상운영","2022-11-14","실내","0","12627",33,"(창동)","1YxfWGzN/bByJO1c6rJUdBQlKir2ig1rRhnGIcYCziQ=","농구","여주시","","여주시","12627","","0","2022-11-14","신고","경기도","럭키7","경기도 여주시 여흥로88번길 18-9(창동)","Y","체육교습업","경기도 여주시 창동 144-4"
"경기도","N","6층 6115호 (청계동)",237,"20221129","정상운영","2022-11-30","없음","37.1933905246238","18482",247,"6층 6115호 (청계동)","rXodwxbprw17QumEx9DfOX5dhnq+Jx2fvWo4HDn2RaM=","농구","화성시","청계동","화성시","18482","","127.100057840152","2022-11-30","신고","경기도","에이블농구교실","경기도 화성시 동탄대로 446(청계동)","Y","체육교습업","경기도 화성시 청계동 564"
"경기도","N","508~511호호 (영천동)",238,"20211122","정상운영","2022-11-25","없음","37.2096788532635","18467",275,"508~511호호 (영천동)","E+FjXskWxBlw0rlUnOn6EbdxIwczn2Jvy8m/IpKfxUM=","농구","화성시","영천동","화성시","18467","031-262-3676","127.102974009359","2022-11-26","신고","경기도","동탄SK나이츠농구교실","경기도 화성시 동탄영천로 81-5(영천동)","Y","체육교습업","경기도 화성시 영천동 539-16"
"경기도","N","",239,"20221102","정상운영","2022-11-16","없음","37.2223670815127","17102",498,"","20+IXxU/jYauaukqLb4m944A1mt+OXNOY/weQuZTT1c=","농구","용인시","고매동","용인시 기흥구","17102","031-8067-8209","127.096093595515","2022-11-16","신고","경기도","비트바스켓볼 아카데미","경기도 용인시 기흥구 농서로 16(고매동)","Y","체육교습업","경기도 용인시 기흥구 고매동 700-3"
"인천광역시","N","2층 (청라동)",240,"20220822","정상운영","2022-11-18","실내","37.5253050047274","22765",197,"2층 (청라동)","nJvUpGYakhGRQdT9XxAq7XJvHMfCD/QNzEGOomjjLmk=","농구","서구","","서구","22765","","126.630813152262","2022-11-18","신고","인천광역시","더 퍼스트 스포츠 에듀케이션","인천광역시 서구 푸른로7번길 9(청라동)","Y","체육교습업","인천광역시 서구 청라동 105-57"
"인천광역시","N","",241,"20220711","정상운영","2022-11-11","실내","37.5492764392892","22745",148,"","1mnZ6vUGT6nglc/cPWZEHVqV9uSysPxQsmv8ybCsbp0=","농구","서구","경서동","서구","22745","","126.648951270371","2022-11-11","신고","인천광역시","케이티와이 농구클럽","인천광역시 서구 중봉대로771번길 12(경서동)","Y","체육교습업","인천광역시 서구 경서동 350-53"
"서울특별시","N","",242,"20220805","정상운영","2022-11-03","없음","37.5371537268029","04345",87,"","/iFH4C3vQ6KFr71T4Wymf0yy3o7wkim2AmnH8956Hvk=","농구","용산구","이태원동","용산구","04345","","126.987667457492","2023-01-10","신고","서울특별시","트리플쓰렛아카데미","서울특별시 용산구 녹사평대로46길 16(이태원동)","Y","체육교습업","서울특별시 용산구 이태원동 336-1"
"전라북도","N","",243,"20211129","정상운영","2022-11-23","없음","35.8182109601464","54984",384,"","qBsu4n4aEZg7PAv58N84B+VCktuCSqAsqDxprKQw+QU=","농구","전주시","중화산동2가","전주시 완산구","54984","","127.128349406713","2022-12-08","신고","전라북도","허재 농구 아카데미 전북지부","전라북도 전주시 완산구 어은로 55(중화산동2가)","Y","체육교습업","전라북도 전주시 완산구 중화산동2가 4-43"
"부산광역시","N","401, 501호",244,"20220324","정상운영","2022-12-07","없음","35.1035287543035","49334",766,"401, 501호","INM3tW0f+lw4LjzHK8QSijeCSmRzHld46eb00JJMW3Y=","농구","사하구","괴정동","사하구","49334","","128.985029045157","2022-12-07","신고","부산광역시","인피니트스포츠 사하점","부산광역시 사하구 마하로48번길 26(괴정동)","Y","체육교습업","부산광역시 사하구 괴정동 1068-6 금빛빌딩"
"경기도","N","",245,"20220517","정상운영","2022-12-12","없음","37.1529649433704","18510",198,"","bmLCCk6qiJsSjiuPJgqSd4j8YjD08b49hbcNq9GGydc=","농구","화성시","","화성시","18510","","127.114854983316","2022-12-12","신고","경기도","코어바스켓볼","경기도 화성시 장지남길 36(장지동)","Y","체육교습업","경기도 화성시 장지동 505-4"
"경기도","N","고양지축지구C1-1-2 스타스퀘어빌딩 1004호, 1005호",246,"20221214","정상운영","2022-12-16","실내","37.6498486861754","10585",249,"스타스퀘어 빌딩 1004호, 1005호 (지축동)","MW6eH+kcKaQta1hbIMhEcOBWK1bbCfLPiQo3YFEDp08=","농구","고양시","지축동","고양시 덕양구","10585","","126.913948851151","2023-04-28","신고","경기도","라인업농구교실","경기도 고양시 덕양구 지축로 52(지축동)","Y","체육교습업","경기도 고양시 덕양구 지축동 0 스타스퀘어 빌딩"
"경기도","N","",247,"20221219","정상운영","2022-12-26","없음","0","10259",497,"(사리현동)","gJzIKdMavudn7JW1ZBBHMLboqKddyo6Jk9aeZmztzis=","농구","고양시","","고양시","10259","","0","2022-12-26","신고","경기도","일산우장체육관","경기도 고양시 일산동구 사리현로 143-11(사리현동)","Y","체육교습업","경기도 고양시 일산동구 사리현동 613"
"경기도","N","",248,"20230104","정상운영","2023-01-09","없음","37.6533098363519","12155",2188,"","RsEHHmwFVmO4scPa6lc+bcw6i+qoxPZ6xGIlXw2sCh4=","농구","남양주시","호평동","남양주시","12155","","127.263006206625","2023-01-09","신고","경기도","스포라운드","경기도 남양주시 마치로 122(호평동)","Y","체육교습업","경기도 남양주시 호평동 23-61 호평승마장"
"제주특별자치도","N","",249,"20221206","정상운영","2022-12-15","실내","33.4961391880963","63148",545,"(오라삼동)","tYvA7RWBmWjOzGSmQmsZ7k0tEDHm1j1ECCnmxRxk8K4=","농구","제주시","","제주시","63148","","126.506441399867","2022-12-15","신고","제주특별자치도","우스포츠컴퍼니","제주특별자치도 제주시 모시길 48-3(오라삼동)","Y","체육교습업","제주특별자치도 제주시 오라삼동 2288-3"
"경기도","N","",250,"20220927","정상운영","2022-12-08","없음","37.1779701591117","18511",495,"(금곡동)","paKRmwwZni0i8b3ZP1xbM7z4Q4gn9emeHMCsEHHPhFI=","농구","화성시","","화성시","18511","","127.076890521119","2022-12-13","신고","경기도","KGL유소년스포츠클럽","경기도 화성시 금곡로 211-89(금곡동)","Y","체육교습업","경기도 화성시 금곡동 319-13"
"경기도","N","",251,"20220204","정상운영","2022-12-28","없음","37.3957809936415","12769",487,"","ap+3NSIcPgI6iofKAtFEcOKS0vKmxyFdt8j3gpwSGIQ=","농구","광주시","직동","광주시","12769","031-766-0905","127.189559164748","2022-12-28","신고","경기도","플릭 농구교실","경기도 광주시 광남안로431번길 27-1(직동)","Y","체육교습업","경기도 광주시 직동 144-2"
"경기도","N","일산2차아이파크",252,"20210507","정상운영","2021-09-14","실내","37.6778660385","10310",433,"B203호 (중산동, 일산2차아이파크)","77ZtsP3EVI6G1PDVUnZDJgWWP/Xb7rClLftnOXHZxMo=","농구","고양시","중산동","고양시","10310","","126.7831622835","2023-03-24","신고","경기도","(주)이야스콜라 일산원","경기도 고양시 일산동구 중산로 60, B203호 (중산동, 일산2차아이파크)","Y","체육교습업","경기도 고양시 일산동구 중산동 1842 일산2차아이파크 "
"경기도","N","",253,"20221110","정상운영","2023-02-01","없음","37.6086493966377","10117",370,"","gwvRqpFVAknzvkDVRfXy1ljoS53bOg+cbW5TzfgIsqs=","농구","김포시","풍무동","김포시","10117","","126.720706033007","2023-02-01","신고","경기도","국가대표 엘리트 농구아카데미","경기도 김포시 풍무로131번길 46(풍무동)","Y","체육교습업","경기도 김포시 풍무동 73"