addr_ctpv_nm,nation_yn,row_num,base_ymd,faci_stat_nm,reg_dt,inout_gbn_nm,faci_lat,faci_zip,faci_gfa,ftype_nm,cpb_nm,addr_emd_nm,addr_cpb_nm,faci_road_zip,faci_tel_no,faci_lot,updt_dt,faci_gb_nm,cp_nm,faci_nm,faci_road_addr,atnm_chk_yn,fcob_nm,faci_addr
"대구광역시","N",1,"20220608","정상운영","2023-02-14","없음","35.8235780848066","42757",330,"인공암벽장","달서구","월성동","달서구","42757","053-245-9190","128.52731876935","2023-02-14","신고","대구광역시","초크업 클라이밍 월성점","대구광역시 달서구 상원로 184-8(월성동)","N","인공암벽장업","대구광역시 달서구 월성동 1217-1"
"대전광역시","N",2,"20220615","정상운영","2023-03-15","없음","36.3394934613318","35290",368,"인공암벽장","서구","괴정동","서구","35290","","127.375141091834","2023-03-15","신고","대전광역시","대전 클라이밍 센터","대전광역시 서구 갈마로 163(괴정동)","Y","인공암벽장업","대전광역시 서구 괴정동 128-9"
"경기도","N",3,"20211108","정상운영","2022-07-05","없음","37.2767185190462","16484",0,"인공암벽장","수원시","인계동","수원시 팔달구","16484","031-8001-8898","127.030889611122","2023-02-07","신고","경기도","킹콩클라이밍","경기도 수원시 팔달구 경수대로 572(인계동)","N","인공암벽장업","경기도 수원시 팔달구 인계동 942"
"경기도","N",4,"20220207","정상운영","2022-07-05","없음","37.2881379117089","16234",0,"인공암벽장","수원시","우만동","수원시","16234","031-8025-2016","127.030617198323","2023-02-07","신고","경기도","수원클라이밍센터","경기도 수원시 팔달구 월드컵로357번길 23-18(우만동)","N","인공암벽장업","경기도 수원시 팔달구 우만동 483-5 송희아트"
"광주광역시","N",5,"20221129","정상운영","2023-02-14","없음","0","61263",129,"인공암벽장","북구","","북구","61263","062-514-5325","0","2023-02-14","신고","광주광역시","광주실내암벽","광주광역시 북구 하남대로 828-1(운암동)","N","인공암벽장업","광주광역시 북구 운암동 1597"
"전라남도","N",6,"20120206","정상운영","2016-12-31","","","",537,"인공암벽장","목포시","","목포시","","061-273-8848","","2023-04-04","공공","전라남도","부주산국제스포츠클라이밍센터","","N","인공암벽장업",""
"전라북도","N",7,"20161107","정상운영","2016-11-07","실내외","35.97953526004626","54016",322,"인공암벽장","군산시","소룡동","군산시","54016","","126.68771592865461","2023-04-04","공공","전라북도","인공암벽장","전라북도 군산시 솔꼬지1길 46 (소룡동)","N","인공암벽장업","전라북도 군산시 소룡동  1071-3 군산시민공암장"
"부산광역시","N",8,"20161231","정상운영","2016-12-31","실내외","35.2109792097","",661,"인공암벽장","금정구","","금정구","","","129.088867661","2023-04-04","공공","부산광역시","인공암벽장","","N","인공암벽장업","명륜동 146"
"경기도","N",9,"20220414","폐업","2022-05-18","실내","37.3387632362338","15874",125,"인공암벽장","군포시","부곡동","군포시","15874","031-390-7711","126.936480446124","2023-03-01","신고","경기도","군포국민체육센터 실내암벽장","경기도 군포시 군포로 339(부곡동)","N","인공암벽장업","경기도 군포시 부곡동 1226 군포국민체육센터"
"경상북도","N",10,"20200708","정상운영","2023-02-05","실외","36.1396940245899","39524","","인공암벽장","김천시","삼락동","김천시","39524","054-420-7925","128.086502039383","2023-03-12","공공","경상북도","김천인공암벽장","경상북도 김천시 운동장길 1(삼락동)","N","인공암벽장업","경상북도 김천시 삼락동 488-1 김천종합스포츠타운"
"광주광역시","N",11,"20180626","정상운영","2018-06-26","실외","35.15618338360111","61953","","인공암벽장","서구","치평동","서구","61953","062-371-3310","126.83932563950039","2023-04-04","공공","광주광역시","상무 인공암벽장","광주광역시 서구 상무시민로 3 (치평동)","N","인공암벽장업","광주광역시 서구 치평동 1163-2 세계광엑스포주제관"
"서울특별시","N",12,"20230126","정상운영","2023-02-15","실내","37.6151331460647","02027",143,"인공암벽장","중랑구","신내동","중랑구","02027","02-3423-3423","127.093770032768","2023-02-15","신고","서울특별시","몽키즈 클라이밍","서울특별시 중랑구 신내로17길 39(신내동)","Y","인공암벽장업","서울특별시 중랑구 신내동 654 진로아파트"
"울산광역시","N",13,"20120429","정상운영","2016-11-07","실내외","35.5168993527","44772",588,"인공암벽장","남구","선암동","남구","44772","052-2264-851","129.3224891914","2023-04-04","공공","울산광역시","선암인공암벽장","울산광역시 남구 선암호수길 104 (선암동)","N","인공암벽장업","울산광역시 남구 선암동 476-2"
"경기도","N",14,"20170720","정상운영","2019-01-10","실내외","37.5025669833","14655","","인공암벽장","부천시","춘의동","부천시","14655","032-340-0868","126.7990239232","2023-04-04","공공","경기도","부천종합운동장 인공암벽장","경기도 부천시 소사로 482 (춘의동)","N","인공암벽장업","경기도 부천시 춘의동 8 부천종합운동장,국궁장,체육관"
"경기도","N",15,"20220209","정상운영","2022-05-12","실내","37.4882097356069","14625",299,"인공암벽장","부천시","상동","부천시","14625","","126.763544785386","2023-04-04","신고","경기도","부천클라이밍센터","경기도 부천시 부일로 300(상동)","N","인공암벽장업","경기도 부천시 상동 326-15"
"경기도","N",16,"19999999","정상운영","2016-12-31","실내","37.1586949219285","18131",26167,"인공암벽장","오산시","오산동","오산시","18131","031-8036-7962","127.075655140162","2023-04-28","공공","경기도","오산스포츠센터인공암벽장","경기도 오산시 경기동로 33 (오산동)","N","인공암벽장업","경기도 오산시 오산동 40 오산스포츠센터"
"경기도","N",17,"20161231","정상운영","2016-12-31","실내외","37.6799839059","10226",132,"인공암벽장","고양시","대화동","고양시 일산서구","10226","","126.7404822313","2023-04-04","공공","경기도","인공암벽등반경기장","경기도 고양시 일산서구 중앙로 1601 (대화동)","N","인공암벽장업",""
"경기도","N",18,"19990101","정상운영","2021-12-20","실외","37.2037558152351","18436","","인공암벽장","화성시","반송동","화성시","18436","031-5189-6273","127.061210202073","2023-04-04","공공","경기도","센트럴파크 인공암벽장","경기도 화성시 동탄공원로1길 26-23(반송동)","N","인공암벽장업","경기도 화성시 반송동 59"
"강원도","N",19,"20121227","정상운영","2016-12-31","실내외","37.709103251667806","25126",183,"인공암벽장","홍천군","태학리","홍천군","25126","033-430-2453","127.90617732593398","2023-04-04","공공","강원도","홍천스포츠클라이밍센터","강원도 홍천군 홍천읍 태학여내길 31-1","N","인공암벽장업","강원도 홍천군 홍천읍 태학리 145-12"
"충청남도","N",20,"20200207","정상운영","2020-02-07","실외","36.77261030321706","31564","","인공암벽장","아산시","방축동","아산시","31564","041-540-2396","126.98313993126169","2023-04-04","공공","충청남도","신정호 인공암벽장","충청남도 아산시 신정로 616 (방축동)","N","인공암벽장업","충청남도 아산시 방축동 5 신정호공원"
"전라북도","N",21,"20150915","정상운영","2016-11-07","실내","35.4308675183","55732",198,"인공암벽장","남원시","월락동","남원시","55732","063-620-5621","127.405460727","2023-04-04","공공","전라북도","인공암벽장","전라북도 남원시 충정로 341 (월락동)","N","인공암벽장업","전라북도 남원시 월락동  248 춘향골체육공원"
"경상북도","N",22,"20071231","정상운영","2019-12-13","실외","35.86479557511034","38116","","인공암벽장","경주시","손곡동","경주시","38116","054-750-8570","129.2812981730557","2023-04-04","공공","경상북도","경주베이스볼파크 인공암벽장","경상북도 경주시 천북남로 357 (손곡동)","N","인공암벽장업","경상북도 경주시 손곡동 519-1"
"경상북도","N",23,"20181114","정상운영","2018-11-14","실외","37.4825788353","40226","","인공암벽장","울릉군","도동리","울릉군","40226","","130.9011591757","2023-04-04","공공","경상북도","인공암벽장","경상북도 울릉군 울릉읍 약수터길 71","N","인공암벽장업","경상북도 울릉군 울릉읍 도동리 584-8"
"경상남도","N",24,"20040401","정상운영","2016-12-31","실내외","34.9431891112","52550",317,"인공암벽장","사천시","용강동","사천시","52550","055-831-2407","128.0875687422","2023-04-04","공공","경상남도","인공암벽장","경상남도 사천시 주공로 32-1 (용강동)","N","인공암벽장업",""
"경상남도","N",25,"20140901","정상운영","2016-12-31","실내","35.0903910645","52516",132,"인공암벽장","사천시","정의리","사천시","52516","055-831-3347","128.0958490241","2023-04-04","공공","경상남도","실내인공암벽장","경상남도 사천시 사천읍 구암두문로 85","N","인공암벽장업",""
"경상남도","N",26,"20161231","정상운영","2016-12-31","실외","34.8827338757","53257","","인공암벽장","거제시","고현동","거제시","53257","055-6398-130","128.6163076982","2023-04-04","공공","경상남도","인공암벽장","경상남도 거제시 계룡로11길 35 (고현동)","N","인공암벽장업","경상남도 거제시 고현동 910 거제시체육관"
"경상남도","N",27,"20161231","정상운영","2016-12-31","실외","35.40912233785029","666805",95,"인공암벽장","산청군","옥산리","산청군","","055-970-6433","127.87308709003922","2023-04-04","공공","경상남도","인공암벽장","","N","인공암벽장업","경남 산청군 산청읍 옥산리 725"
"제주특별자치도","N",28,"19990101","정상운영","2022-04-04","실외","33.4950621500521","63189","","인공암벽장","","오라일동","제주시","63189","064-759-0848","126.518797458105","2023-04-04","공공","제주특별자치도","인공암벽장","제주특별자치도 제주시 서광로2길 24(오라일동)","N","인공암벽장업","제주특별자치도 제주시 오라일동 1165"
"전라북도","N",29,"20161231","정상운영","2016-12-31","실내외","","",330,"인공암벽장","익산시","","익산시","","","","2023-04-04","공공","전라북도","인공암벽장","","N","인공암벽장업",""
"경기도","N",30,"20130221","정상운영","2016-12-31","실외","37.2788085519","467020",228,"인공암벽장","이천시","","이천시","467020","031-635-3382","127.426322863","2023-04-04","공공","경기도","설봉공원 인공암벽등반장","이천시 관고동 375-4외2","N","인공암벽장업",""
"경기도","N",31,"20161107","정상운영","2016-11-07","실외","37.4315999526","462826",64,"인공암벽장","성남시","","성남시","462826","031-729-3055","127.138083196","2023-04-04","공공","경기도","인공암벽(실외)","중원구 제일로 60","N","인공암벽장업","경기 성남시 중원구 제일로 60"
"광주광역시","N",32,"20010604","정상운영","2016-12-31","","","",300,"인공암벽장","서구","","서구","","062-360-7193","","2023-04-04","공공","광주광역시","인공암벽장","","N","인공암벽장업",""
"경상남도","N",33,"19999999","정상운영","2023-03-02","실내","35.348519581694","50619","","인공암벽장","양산시","북부동","양산시","50619","055-392-3403","129.035480184218","2023-03-02","공공","경상남도","(인공암벽장-01) 양산종합운동장","경상남도 양산시 양산대로 849(북부동)","N","인공암벽장업","경상남도 양산시 북부동 533 양산종합운동장"
"광주광역시","N",34,"20221214","정상운영","2023-03-07","없음","0","62047",364,"인공암벽장","서구","","서구","62047","062-365-8848","0","2023-03-07","신고","광주광역시","클라임라운지","광주광역시 서구 금화로383번길 10(화정동)","N","인공암벽장업","광주광역시 서구 화정동 965"
"강원도","N",35,"20230118","정상운영","2023-02-01","없음","37.7622762550891","25515",333,"인공암벽장","강릉시","교동","강릉시","25515","","128.877179948961","2023-02-01","신고","강원도","강릉 클라이밍","강원도 강릉시 정원로 42(교동)","Y","인공암벽장업","강원도 강릉시 교동 1889-5"
"경기도","N",36,"20230306","정상운영","2023-03-12","없음","37.360259680704","12771",99,"인공암벽장","광주시","","광주시","12771","","127.14742827922","2023-03-12","신고","경기도","티클라이밍","경기도 광주시 신현로 4(신현동)","Y","인공암벽장업","경기도 광주시 신현동 724-3 태성빌딩"
"대구광역시","N",37,"20230206","정상운영","2023-02-17","실내","35.8677837013013","41087",473,"인공암벽장","동구","신서동","동구","41087","053-984-5452","128.724362145075","2023-02-17","신고","대구광역시","동구 펀앤펀클라이밍센터","대구광역시 동구 안심로 366(신서동)","N","인공암벽장업","대구광역시 동구 신서동 526-1"
"경기도","N",38,"20230308","정상운영","2023-05-03","없음","0","13609",109,"인공암벽장","성남시","","성남시","13609","","0","2023-05-03","신고","경기도","비클라이밍","경기도 성남시 분당구 백현로144번길 29-1 (정자동)","N","인공암벽장업","경기도 성남시 분당구 정자동 38-5"
"서울특별시","N",39,"20230324","정상운영","2023-04-12","실내","37.5778922395463","03691",173,"인공암벽장","서대문구","북가좌동","서대문구","03691","02-304-9732","126.910204528429","2023-04-12","신고","서울특별시","몽키즈클라이밍 북가좌점","서울특별시 서대문구 응암로 54 (북가좌동)","Y","인공암벽장업","서울특별시 서대문구 북가좌동 306-17 서부프라자빌딩"
"경기도","N",40,"20230215","정상운영","2023-03-07","없음","37.6894849508083","10237",562,"인공암벽장","고양시","덕이동","고양시","10237","031-922-8848","126.757011272918","2023-03-07","신고","경기도","하이프렉스","경기도 고양시 일산서구 덕이로 20(덕이동)","N","인공암벽장업","경기도 고양시 일산서구 덕이동 219-8 양우씨네플렉스"
"서울특별시","N",41,"20230330","정상운영","2023-05-03","실내","37.59584844046","02148",380,"인공암벽장","중랑구","상봉동","중랑구","02148","","127.087933954988","2023-05-03","신고","서울특별시","크래커클라이밍","서울특별시 중랑구 면목로92길 37-4 (상봉동, 다온 APT)","Y","인공암벽장업","서울특별시 중랑구 상봉동 102 다온 APT"
"대구광역시","N",42,"20220609","정상운영","2022-06-24","없음","35.8890484965295","41590",489,"인공암벽장","북구","침산동","북구","41590","053-357-4434","128.585842673658","2023-05-03","신고","대구광역시","초크업 클라이밍 침산점","대구광역시 북구 침산남로 92(침산동)","N","인공암벽장업","대구광역시 북구 침산동 430-7"
"경기도","N",43,"20220530","정상운영","2023-05-02","없음","36.9915881290706","17908",269,"인공암벽장","평택시","합정동","평택시","17908","031-651-1318","127.093692211326","2023-05-03","신고","경기도","트윈 클라이밍짐","경기도 평택시 평택3로 30 (합정동)","N","인공암벽장업","경기도 평택시 합정동 746-9"
"전라남도","N",44,"20220622","정상운영","2023-02-21","없음","35.0234718926304","58217",383,"인공암벽장","나주시","빛가람동","나주시","58217","","126.787307042824","2023-02-21","신고","전라남도","빛가람 클라이밍 짐","전라남도 나주시 우정로 72(빛가람동)","Y","인공암벽장업","전라남도 나주시 빛가람동 196-4 더클래스빌딩"
"서울특별시","N",45,"20230317","정상운영","2023-04-12","실내","37.5565639285478","03780",554,"인공암벽장","서대문구","창천동","서대문구","03780","02-526-8989","126.940328119434","2023-04-12","신고","서울특별시","PEAKERS","서울특별시 서대문구 신촌로 129 (창천동)","Y","인공암벽장업","서울특별시 서대문구 창천동 20-25 아트레온"
"경상북도","N",46,"20221214","정상운영","2023-02-21","실내","35.8550206954682","38088",174,"인공암벽장","경주시","","경주시","38088","054-621-8848","129.218460014487","2023-02-21","신고","경상북도","경주클라이밍센터","경상북도 경주시 원화로 387(황성동)","Y","인공암벽장업","경상북도 경주시 황성동 1053-54"
"경기도","N",47,"20220615","정상운영","2023-02-09","없음","37.0034858465722","17560",251,"인공암벽장","안성시","만정리","안성시","17560","","127.17655909865","2023-02-09","신고","경기도","클라임팩토리","경기도 안성시 공도읍 공도로 159","N","인공암벽장업","경기도 안성시 공도읍 만정리 279-35"
"대구광역시","N",48,"20220311","정상운영","2022-03-18","실내","0","41802",393,"인공암벽장","서구","","서구","41802","","0","2023-03-08","신고","대구광역시","볼더라운지 플립 대구점","대구광역시 서구 달성공원로 9-2(비산동)","N","인공암벽장업","대구광역시 서구 비산동 156-23"
"경상북도","N",49,"20220615","정상운영","2023-02-21","없음","35.8674283316681","38080",207,"인공암벽장","경주시","","경주시","38080","054-775-3495","129.216984969159","2023-02-22","신고","경상북도","설우클라이밍","경상북도 경주시 황성로 59(황성동)","Y","인공암벽장업","경상북도 경주시 황성동 277-4"
"전라북도","N",50,"20080425","정상운영","2016-12-31","실내외","","",475,"인공암벽장","전주시","","전주시","","063-281-2937","","2023-04-04","공공","전라북도","인공암벽장","","N","인공암벽장업",""
"전라남도","N",51,"20211029","정상운영","2022-10-21","없음","0","59677",165,"인공암벽장","여수시","","여수시","59677","","0","2023-03-10","신고","전라남도","플레이스포츠센터","전라남도 여수시 학동2길 22(학동, 프라임시티)","N","인공암벽장업","전라남도 여수시 학동 39-13 프라임시티"
"경기도","N",52,"20220207","정상운영","2022-02-24","실내","37.3966491352893","14055",1750,"인공암벽장","안양시","","안양시","14055","031-422-8716","126.966964163456","2023-03-10","신고","경기도","펀클라임","경기도 안양시 동안구 시민대로327번길 6(관양동)","N","인공암벽장업","경기도 안양시 동안구 관양동 1019-5 W에이스타워"
"부산광역시","N",53,"20220607","정상운영","2022-08-03","없음","35.1958421010722","47865",280,"인공암벽장","동래구","","동래구","47865","","129.060371341412","2023-04-14","신고","부산광역시","죠스클라이밍","부산광역시 동래구 사직로 48(사직동)","N","인공암벽장업","부산광역시 동래구 사직동 92-8 호영빌딩"
"부산광역시","N",54,"20161107","정상운영","2016-11-07","실외","35.2154200751","46549",4297,"인공암벽장","북구","덕천동","북구","46549","051-309-4885","129.0105477371","2023-04-04","공공","부산광역시","인공암벽장","부산광역시 북구 만덕대로65번길 83 (덕천동)","N","인공암벽장업","부산광역시 북구 덕천동 457-38"
"광주광역시","N",55,"20230221","정상운영","2023-03-29","없음","35.1261225156911","61674",327,"인공암벽장","남구","봉선동","","61674","070-8777-1150","126.915247624209","2023-03-29","신고","광주광역시","레드원클라이밍","광주광역시 남구 봉선2로 81(봉선동)","Y","인공암벽장업","광주광역시 남구 봉선동 156"
"세종특별자치시","N",56,"20161228","정상운영","2016-12-28","실외","36.522812474089584","30100","","인공암벽장","세종시","도담동","세종시","30100","","127.25840479301978","2023-04-04","공공","세종특별자치시","아름클라이밍","세종특별자치시  다솜1로 220 (도담동, 도램마을 5단지)","N","인공암벽장업",""
"경기도","N",57,"19999999","정상운영","2023-03-29","실외","37.3958405242262","13477","","인공암벽장","성남시","판교동","성남시","13477","031-8017-4663","127.090762386123","2023-03-29","공공","경기도","판교인공암벽장","경기도 성남시 분당구 판교공원로4길 27(판교동)","N","인공암벽장업","경기도 성남시 분당구 판교동 553 분당판교청소년수련관, 판교도서관"
"경기도","N",58,"20171218","정상운영","2017-12-18","실내","36.49787652957536","13363","","인공암벽장","성남시","성남동","성남시 중원구","13363","031-739-6712","127.26543401552541","2023-04-04","공공","경기도","성남종합스포츠센터 인공암벽장","경기도 성남시 중원구 제일로 60 (성남동)","N","인공암벽장업",""
"전라남도","N",59,"20161231","정상운영","2016-12-31","실내외","","",297,"인공암벽장","목포시","","목포시","","","","2023-04-04","공공","전라남도","목포국제스포츠클라이밍센터","","N","인공암벽장업",""
"경기도","N",60,"20220426","정상운영","2022-12-26","없음","36.49787652957536","",272,"인공암벽장","고양시","","고양시","10421","031-904-5015","127.26543401552541","2023-03-29","신고","경기도","일산클라이밍센터","경기도 고양시 일산동구 중앙로 1123, 228,229,230호 (백석동, 흰돌마을2단지아파트)","N","인공암벽장업","경기도 고양시 일산동구 백석동 1351 흰돌마을2단지아파트 "
"대구광역시","N",61,"20081226","정상운영","2016-11-07","실외","35.991003724233145","41007",208,"인공암벽장","","용수동","동구","41007","053-980-0314","128.69734775019035","2023-04-04","공공","대구광역시","팔공산인공암벽장","대구광역시 동구 동화사2길 21-7 (용수동)","N","인공암벽장업","대구광역시 동구 용수동  14-7"
"인천광역시","N",62,"20220905","정상운영","2023-04-05","없음","37.398184311879","22003",793,"인공암벽장","연수구","송도동","","22003","032-723-6430","126.635651381279","2023-04-05","신고","인천광역시","비블럭클라이밍","인천광역시 연수구 아트센터대로 149 (송도동)","N","인공암벽장업","인천광역시 연수구 송도동 23-1 커낼워크D1 SPRING"
"경기도","N",63,"20211129","정상운영","2021-12-01","없음","0","14985",366,"인공암벽장","시흥시","","시흥시","14985","","0","2023-04-19","신고","경기도","(주)클라임잇","경기도 시흥시 배미골길 24(목감동)","N","인공암벽장업","경기도 시흥시 목감동 414-2 (주)아이지디"
"서울특별시","N",64,"20230411","정상운영","2023-04-18","실내","37.6369305402999","01073",428,"인공암벽장","강북구","","강북구","01073","","127.02328159303","2023-04-18","신고","서울특별시","(주)락랜드","서울특별시 강북구 도봉로 315 (수유동, 에피소드 수유 838)","Y","인공암벽장업","서울특별시 강북구 수유동 740 에피소드 수유 838"
"울산광역시","N",65,"20220602","정상운영","2022-06-03","실내","","44225",398,"인공암벽장","북구","","북구","44225","","","2023-04-20","신고","울산광역시","몽클라이밍센터","울산광역시 북구 당수골2길 43 (호계동)","N","인공암벽장업","울산광역시 북구 호계동 985-5 "
"경기도","N",66,"20170208","정상운영","2017-02-08","없음","37.4917410076","12554","","인공암벽장","양평군","양근리","양평군","12554","","127.4876821927","2023-04-04","공공","경기도","인공암벽장(실외)","경기도 양평군 양평읍 군청앞길 2","N","인공암벽장업",""
"경상북도","N",67,"20180108","정상운영","2020-12-18","실내외","36.6029472478367","36961","","인공암벽장","문경시","흥덕동","문경시","36961","054-552-7475","128.212177854253","2023-04-04","공공","경상북도","문경국제클라이밍센터","경상북도 문경시 영강공원길 125 (흥덕동)","N","인공암벽장업","경상북도 문경시 흥덕동 77-2"
"경상남도","N",68,"20161231","정상운영","2016-12-31","실외","","",661,"인공암벽장","김해시","","김해시","","","","2023-04-04","공공","경상남도","인공암벽장","경상남도 김해시 가야로 245","N","인공암벽장업","경상남도 김해시 가야로 245"
"강원도","N",69,"20161231","정상운영","2016-12-31","실외","","",330,"인공암벽장","동해시","","동해시","","033-539-3561","","2023-04-04","공공","강원도","인공암벽장","","N","인공암벽장업",""
"경기도","N",70,"20171218","정상운영","2017-12-18","없음","37.204011894","","","인공암벽장","화성시","","화성시","","","127.06360471","2023-04-04","공공","경기도","인공암장(동탄센트럴파크)","화성시 반송동 59","N","인공암벽장업","화성시 반송동 59"
"강원도","N",71,"20071231","정상운영","2016-12-31","","","","","인공암벽장","고성군","","고성군","","033-680-3712","","2023-04-04","공공","강원도","거진인공암벽장","","N","인공암벽장업",""
"서울특별시","N",72,"20150930","정상운영","2016-12-31","실내외","37.573383957255","02257",1110,"인공암벽장","중랑구","면목동","중랑구","02257","070-4193-6108","127.090942778547","2023-04-04","공공","서울특별시","중랑스포츠클라이밍 경기장","서울특별시 중랑구 용마산로 250-12(면목동)","N","인공암벽장업","서울특별시 중랑구 면목동 산1-4 용마배수지, 용마산돌산공원"
"대전광역시","N",73,"20080917","정상운영","2019-08-22","실외","36.36456446041333","34148","","인공암벽장","","노은동","유성구","34148","042-610-2922","127.32419572702794","2023-04-04","공공","대전광역시","인공암벽장","대전광역시 유성구 월드컵대로 32 (노은동)","N","인공암벽장업","대전광역시 유성구 노은동 270 대전월드컵경기장"
"경기도","N",74,"20170110","정상운영","2017-01-10","실내외","37.4485064708","14902","","인공암벽장","시흥시","대야동","시흥시","14902","","126.7846940754","2023-04-04","공공","경기도","대야동 인공암벽장","경기도 시흥시 소래산길 11 (대야동)","N","인공암벽장업",""
"충청남도","N",75,"19990101","정상운영","2021-07-04","없음","36.8243337408361","31115","","인공암벽장","천안시","신부동","천안시 동남구","31115","","127.162963381378","2023-04-04","공공","충청남도","도솔광장 인공암벽장","충청남도 천안시 동남구 천안대로 844(신부동)","N","인공암벽장업","충청남도 천안시 동남구 신부동 124 도솔광장"
"경기도","N",76,"20220602","정상운영","2022-06-16","없음","37.7281825318748","10892",334,"인공암벽장","파주시","목동동","파주시","10892","031-949-0570","126.735223601195","2023-03-13","신고","경기도","정글짐 클라이밍센터","경기도 파주시 청암로17번길 53(목동동)","N","인공암벽장업","경기도 파주시 목동동 939-2"
"충청남도","N",77,"19990101","폐업","2016-12-31","실내","36.8240952508929","31068",493,"인공암벽장","천안시","유량동","천안시","31068","041-521-5759","127.192816797097","2023-04-04","공공","충청남도","인공암벽장","충청남도 천안시 동남구 태조산길 261 (유량동)","N","인공암벽장업","충청남도 천안시 동남구 유량동 6 태조산청소년수련관"
"경상북도","N",78,"20150520","정상운영","2016-12-31","실외","36.3192042979","37441",77,"인공암벽장","청송군","내룡리","청송군","37441","054-870-6206","129.2065345474","2023-04-04","공공","경상북도","청송클라이밍아카데미인공암벽장","경상북도 청송군 부동면 팔각산로 11-4","N","인공암벽장업","경상북도 청송군 부동면 내룡리 72-2 연수원"
"서울특별시","N",79,"20171218","정상운영","2018-03-20","실내외","37.50608152850356","07375",495,"인공암벽장","영등포구","도림동","영등포구","07375","02-2630-2990","126.89781525324345","2023-04-04","공공","서울특별시","영등포스포츠클라이밍경기장","서울특별시 영등포구 도신로15길 11 (도림동)","N","인공암벽장업","서울특별시 영등포구 도림동 254 영등포 스포츠클라이밍경기장"
"서울특별시","N",80,"20220429","정상운영","2023-05-15","없음","37.4763892324087","08802",132,"인공암벽장","관악구","봉천동","관악구","08802","","126.966079042098","2023-05-15","신고","서울특별시","인클라이밍","서울특별시 관악구 남부순환로 1951 (봉천동)","Y","인공암벽장업","서울특별시 관악구 봉천동 1690-152"
"서울특별시","N",81,"20220609","정상운영","2023-05-15","없음","37.4776721954954","08792",96,"인공암벽장","관악구","봉천동","관악구","08792","","126.960610736795","2023-05-15","신고","서울특별시","in클라이밍센터","서울특별시 관악구 봉천로 565-1 (봉천동)","Y","인공암벽장업","서울특별시 관악구 봉천동 1661-6"
"서울특별시","N",82,"20220531","정상운영","2023-05-15","없음","37.4823122359729","08776",2581,"인공암벽장","관악구","신림동","관악구","08776","02-877-8821","126.929023376476","2023-05-15","신고","서울특별시","더월클라이밍(주) 신림점","서울특별시 관악구 신원로 35 (신림동)","Y","인공암벽장업","서울특별시 관악구 신림동 1638-1 삼모 더 프라임 타워"
"부산광역시","N",83,"20230105","정상운영","2023-05-19","없음","35.1817913761236","46924",0,"인공암벽장","사상구","모라동","사상구","46924","051-304-4150","128.985541519173","2023-05-19","신고","부산광역시","포고 클라임","부산광역시 사상구 사상로 415 (모라동)","Y","인공암벽장업","부산광역시 사상구 모라동 728-29 (주)제이드엠"
"경기도","N",84,"20220609","정상운영","2022-07-21","없음","37.3186176256588","16210",306,"인공암벽장","수원시","이목동","수원시 장안구","16210","","126.977419505285","2023-05-15","신고","경기도","더준시티","경기도 수원시 장안구 장안로 473(이목동)","N","인공암벽장업","경기도 수원시 장안구 이목동 167-2"
"경기도","N",85,"20220617","정상운영","2022-12-13","없음","37.0022538938622","17854",281,"인공암벽장","평택시","비전동","평택시","17854","031-656-2744","127.114159389103","2023-05-12","신고","경기도","홍종열클라이밍짐","경기도 평택시 비전2로 216(비전동)","N","인공암벽장업","경기도 평택시 비전동 1095 로얄 프라자"
"경기도","N",86,"20220106","정상운영","2022-02-17","없음","37.2084460428573","18401",318,"인공암벽장","화성시","진안동","화성시","18401","031-222-5014","127.035080618798","2023-05-17","신고","경기도","볼더박스 클라임","경기도 화성시 경기대로 1038 (진안동)","N","인공암벽장업","경기도 화성시 진안동 527-16"
"광주광역시","N",87,"20220621","정상운영","2023-05-12","실내","0","61474",432,"인공암벽장","동구","","동구","61474","062-229-0510","0","2023-05-12","신고","광주광역시","바위클라이밍짐","광주광역시 동구 예술길 31-15 (대의동)","Y","인공암벽장업","광주광역시 동구 대의동 10-1 광주아트센터"
"부산광역시","N",88,"20220621","폐업","2022-12-29","없음","0","46542",158,"인공암벽장","북구","","북구","46542","051-912-2525","0","2023-05-13","신고","부산광역시","용클라이밍센터","부산광역시 북구 학사로 13(화명동)","Y","인공암벽장업","부산광역시 북구 화명동 2314-2 산봉빌딩"
"서울특별시","N",89,"20220602","정상운영","2023-05-15","없음","0","08758",360,"인공암벽장","관악구","","관악구","08758","02-883-5014","0","2023-05-15","신고","서울특별시","정지현 클라이밍 짐","서울특별시 관악구 봉천로 462 (봉천동)","Y","인공암벽장업","서울특별시 관악구 봉천동 870-2 은일빌딩"
"광주광역시","N",90,"20220922","정상운영","2022-10-04","없음","35.1235183870441","62022",775,"인공암벽장","서구","금호동","서구","62022","062-384-1514","126.861672755741","2022-10-04","신고","광주광역시","황평주등반교실","광주광역시 서구 풍금로 57(금호동)","N","인공암벽장업","광주광역시 서구 금호동 841-7"
"부산광역시","N",91,"20220610","정상운영","2022-12-07","없음","35.1088403702862","49325",468,"인공암벽장","사하구","하단동","사하구","49325","","128.967159324406","2022-12-07","신고","부산광역시","락오디세이 하단","부산광역시 사하구 낙동대로 498(하단동)","N","인공암벽장업","부산광역시 사하구 하단동 510-9"
"대구광역시","N",92,"20070709","정상운영","2016-11-07","실내외","35.8244055818","42250",51,"인공암벽장","","대흥동","수성구","42250","053-602-2002","128.6845610728","2023-04-04","공공","대구광역시","인공암벽등반장","대구광역시 수성구 월드컵로 2-46 (대흥동)","N","인공암벽장업","대구광역시 수성구 대흥동  산35 씨네월드컵"
"충청남도","N",93,"20161107","정상운영","2016-11-07","실내외","36.9224421368","31793",4416,"인공암벽장","당진시","진관리","당진시","31793","","126.601504783","2023-04-04","공공","충청남도","인공암벽장","충청남도 당진시 고대면 고대로 33","N","인공암벽장업","충청남도 당진시 고대면 진관리 349-20 게이트볼경기장"
"경기도","N",94,"19999999","폐업","2016-12-31","실외","37.1794058787361","18107","","인공암벽장","오산시","세교동","오산시","18107","031-8036-7962","127.042126589869","2023-04-04","공공","경기도","죽미인공암벽장(실외)","경기도 오산시 수목원로 541 (세교동)","N","인공암벽장업","경기도 오산시 세교동 627"
"경기도","N",95,"20161107","정상운영","2016-11-07","실외","37.3256744679","15385",1130,"인공암벽장","안산시","초지동","안산시 단원구","15385","031-487-7780","126.8137709572","2023-04-04","공공","경기도","인공암벽등반장","경기도 안산시 단원구 동산로 268 (초지동)","N","인공암벽장업","경기도 안산시 단원구 초지동  667"
"충청북도","N",96,"20060919","정상운영","2016-12-31","실외","36.8422739452","27498",198,"인공암벽장","충주시","안보리","충주시","27498","","127.9984117049","2023-04-04","공공","충청북도","수안보인공암벽장","충청북도 충주시 수안보면 수안보로 129","N","인공암벽장업","충청북도 충주시 수안보면 안보리 592-1 수안보인공암벽장"
"경기도","N",97,"20161107","정상운영","2016-11-07","실외","37.8246252471","487826",522,"인공암벽장","포천시","","포천시","487826","","127.124378085","2023-04-04","공공","경기도","인공암벽장(실외)","소흘읍 이동교리 산1번지","N","인공암벽장업","경기 포천시 소흘읍 이동교리 산 1"
"부산광역시","N",98,"19999999","정상운영","2016-11-07","실내","35.2115052899","47746",148,"인공암벽장","동래구","명륜동","동래구","47746","051-550-1052","129.0890875699","2023-04-04","공공","부산광역시","인공암벽장","부산광역시 동래구 문화로 62 (명륜동)","N","인공암벽장업","부산광역시 동래구 명륜동  146"
"경기도","N",99,"19990101","정상운영","2021-07-09","실외","37.2040135169894","18436","","인공암벽장","화성시","반송동","화성시","18436","031-355-1292","127.063602683321","2023-04-04","공공","경기도","센트럴파크 인공암장","경기도 화성시 동탄공원로1길 26-23(반송동)","N","인공암벽장업","경기도 화성시 반송동 59"
"경기도","N",100,"19990101","정상운영","2021-07-30","실외","37.2788841579784","17379","","인공암벽장","이천시","관고동","이천시","17379","031-644-4315","127.426320245152","2023-04-04","공공","경기도","설봉공원 인공암벽장","경기도 이천시 경충대로2709번길 152(관고동)","N","인공암벽장업","경기도 이천시 관고동 375-4"
"서울특별시","N",101,"19990101","정상운영","2021-03-16","실내외","37.6388385309763","03306","","인공암벽장","은평구","진관동","은평구","03306","070-4117-9561","126.917161248145","2023-04-04","공공","서울특별시","은평인공암벽장","서울특별시 은평구 통일로 1078 (진관동)","N","인공암벽장업","서울특별시 은평구 진관동 70-16 은평 인공암벽장"
"경기도","N",102,"19990101","정상운영","2021-01-11","없음","37.8148233711002","11502","","인공암벽장","양주시","광석리","양주시","11502","031-8082-5647","126.971261353721","2023-04-04","공공","경기도","양주 인공암벽장","경기도 양주시 광적면 부흥로618번길 323-61","N","인공암벽장업","경기도 양주시 광적면 광석리 183-1"
"경기도","N",103,"20210905","정상운영","2021-11-25","실내","37.6429991455763","10071",528,"인공암벽장","김포시","","김포시","10071","031-8049-0448","126.623629605751","2022-10-19","신고","경기도","디스커버리씨에스주식회사 구래지점","경기도 김포시 김포한강8로 410(구래동)","N","인공암벽장업","경기도 김포시 구래동 6884-3 스타프라자"
"대구광역시","N",104,"20211118","정상운영","2021-12-01","없음","35.8879294058007","41561",204,"인공암벽장","북구","침산동","북구","41561","053-351-1217","128.598013982649","2023-04-20","신고","대구광역시","벽클라이밍","대구광역시 북구 중앙대로 617(침산동)","N","인공암벽장업","대구광역시 북구 침산동 13-91"
"서울특별시","N",105,"20211108","정상운영","2021-11-19","실내","37.5714335534085","03130",924,"인공암벽장","종로구","종로4가","종로구","03130","","126.999746324303","2023-05-11","신고","서울특별시","클라이밍파크종로점","서울특별시 종로구 종로 199(종로4가)","N","인공암벽장업","서울특별시 종로구 종로4가 5 한일빌딩"
"경기도","N",106,"20210811","정상운영","2021-11-24","실내","37.2570665627177","16578",362,"인공암벽장","수원시","세류동","수원시 권선구","16578","","127.011638450826","2021-11-24","신고","경기도","수원라온클라이밍","경기도 수원시 권선구 정조로 538(세류동)","N","인공암벽장업","경기도 수원시 권선구 세류동 531-2"
"경상북도","N",107,"20220125","정상운영","2021-11-24","실내외","35.8016883355227","38577","","인공암벽장","경산시","인흥리","경산시","38577","053-810-5419","128.7966116739","2023-04-04","공공","경상북도","경산국제클라이밍파크","경상북도 경산시 남산면 삼성현공원로 59","N","인공암벽장업","경상북도 경산시 남산면 인흥리 250"
"충청남도","N",108,"20211214","정상운영","2021-12-15","실내","36.6236489899279","32251",126,"인공암벽장","홍성군","","홍성군","32251","","126.663953351443","2022-11-08","신고","충청남도","홍성클라이밍센터","충청남도 홍성군 홍북읍 도청대로 208","N","인공암벽장업","충청남도 홍성군 홍북읍 봉신리 290-2"
"부산광역시","N",109,"20210923","정상운영","2021-11-29","실내","35.1587082822336","47246",640,"인공암벽장","부산진구","부전동","부산진구","47246","","129.0611185567","2022-06-30","신고","부산광역시","웨이브락 클라이밍","부산광역시 부산진구 서전로9번길 20(부전동)","N","인공암벽장업","부산광역시 부산진구 부전동 117-1"
"인천광역시","N",110,"20210805","정상운영","2021-11-29","실내","37.4916517847755","21382",307,"인공암벽장","부평구","산곡동","","21382","032-502-5944","126.70513704915","2022-09-08","신고","인천광역시","부평클라이밍센터","인천광역시 부평구 마장로 148(산곡동)","N","인공암벽장업","인천광역시 부평구 산곡동 369-246"
"서울특별시","N",111,"20211022","정상운영","2022-03-14","실내","37.5982272140391","02167",301,"인공암벽장","중랑구","망우동","중랑구","02167","","127.096716895806","2022-09-23","신고","서울특별시","마스터 클라이밍","서울특별시 중랑구 용마산로115길 65(망우동)","N","인공암벽장업","서울특별시 중랑구 망우동 491-38 정원빌딩"
"서울특별시","N",112,"20220117","정상운영","2022-03-14","없음","0","05361",290,"인공암벽장","강동구","","강동구","05361","070-8737-5014","0","2022-10-18","신고","서울특별시","강동클라이밍집","서울특별시 강동구 천호대로 1178(둔촌동)","N","인공암벽장업","서울특별시 강동구 둔촌동 63-2 알레소빌딩"
"서울특별시","N",113,"20211110","정상운영","2021-12-31","없음","37.6571152502969","01693",454,"인공암벽장","노원구","","노원구","01693","","127.062842474896","2022-03-03","신고","서울특별시","드림캐처클라이밍짐","서울특별시 노원구 상계로5길 32(상계동)","N","인공암벽장업","서울특별시 노원구 상계동 357-2 금호프라자"
"대구광역시","N",114,"20210802","정상운영","2021-12-27","실내","35.8439863628305","42441",274,"인공암벽장","남구","","남구","42441","053-761-0636","128.598452103764","2021-12-27","신고","대구광역시","핸즈클라이밍","대구광역시 남구 이천로 34(봉덕동)","N","인공암벽장업","대구광역시 남구 봉덕동 613-5"
"경상남도","N",115,"20220110","정상운영","2022-01-12","실내","35.2586051980274","50902",313,"인공암벽장","김해시","삼계동","김해시","50902","055-338-1707","128.87204818338","2022-11-19","신고","경상남도","퍼스트클라이밍짐(주)","경상남도 김해시 가야로 212(삼계동)","N","인공암벽장업","경상남도 김해시 삼계동 1509-11"
"경기도","N",116,"20211021","정상운영","2022-01-06","실내","37.7077873241144","11645",131,"인공암벽장","의정부시","호원동","의정부시","11645","070-4260-9701","127.046786206444","2022-03-03","신고","경기도","CAC 클라이밍짐","경기도 의정부시 망월로13번길 9(호원동)","N","인공암벽장업","경기도 의정부시 호원동 119-7 한국산악회회관"
"경기도","N",117,"20211025","정상운영","2022-01-06","없음","37.2710305571186","16954",166,"인공암벽장","용인시","","용인시","16954","031-233-7467","127.066343838849","2022-05-25","신고","경기도","경기레포츠클라이밍","경기도 용인시 기흥구 흥덕1로 13(영덕동)","N","인공암벽장업","경기도 용인시 기흥구 영덕동 1005 흥덕IT밸리"
"부산광역시","N",118,"","정상운영","2021-12-24","없음","35.3223534959771","46015",383,"인공암벽장","기장군","매학리","기장군","","","129.17813667766","2021-12-24","신고","부산광역시","리버스 락","부산광역시 기장군 정관읍 정관7로 33-8","N","인공암벽장업","부산광역시 기장군 정관읍 매학리 715-6"
"충청북도","N",119,"20211216","정상운영","2022-01-03","실내","","27502",330,"인공암벽장","충주시","봉방동","충주시","27502","043-856-5014","","2022-06-10","신고","충청북도","오르락","충청북도 충주시 호암수청1로 55, 5층 (호암동)","N","인공암벽장업","충청북도 충주시 호암동 989 "
"서울특별시","N",120,"20220106","정상운영","2022-01-28","실내","37.5710371503673","03139",804,"인공암벽장","종로구","돈의동","종로구","03139","02-526-8862","126.991229161163","2022-01-29","신고","서울특별시","PEAKERS","서울특별시 종로구 돈화문로5가길 1(돈의동)","N","인공암벽장업","서울특별시 종로구 돈의동 137 피카디리플러스"
"경기도","N",121,"20210609","정상운영","2021-12-28","실내","37.5051341587108","14545",374,"인공암벽장","부천시","상동","부천시","14545","070-8886-5151","126.753731929013","2022-07-28","신고","경기도","월드클라이밍","경기도 부천시 상동로 90(상동)","N","인공암벽장업","경기도 부천시 상동 541-1 메가플러스"
"경기도","N",122,"20220126","정상운영","2022-02-10","없음","37.3788623156367","14996",179,"인공암벽장","시흥시","장곡동","시흥시","14996","031-318-8848","126.789298291233","2022-03-03","신고","경기도","캐치 클라이밍 짐","경기도 시흥시 장현장곡로 2(장곡동)","N","인공암벽장업","경기도 시흥시 장곡동 251"
"경기도","N",123,"20220127","정상운영","2022-02-24","없음","37.4018235858081","13951",331,"인공암벽장","안양시","관양동","안양시 동안구","13951","031-422-1708","126.975354718564","2022-02-25","신고","경기도","실내암벽 클라임홀릭","경기도 안양시 동안구 인덕원로30번길 18(관양동)","N","인공암벽장업","경기도 안양시 동안구 관양동 1489-9"
"경기도","N",124,"20220225","정상운영","2022-03-04","없음","37.4302779255228","13365",819,"인공암벽장","성남시","","성남시","13365","","127.129865094766","2022-03-05","신고","경기도","클라임 어스","경기도 성남시 중원구 성남대로 1126(성남동)","N","인공암벽장업","경기도 성남시 중원구 성남동 4123 메가프라자"
"서울특별시","N",125,"20211202","정상운영","2022-03-08","실내","37.481822085014","08758",429,"인공암벽장","관악구","봉천동","관악구","08758","02-888-8821","126.950381855439","2022-03-08","신고","서울특별시","더월클라이밍(주) 서울대지점","서울특별시 관악구 남부순환로 1801(봉천동)","N","인공암벽장업","서울특별시 관악구 봉천동 874-4"
"경기도","N",126,"20210727","정상운영","2022-03-03","실내","37.4020767798399","13494",463,"인공암벽장","성남시","","성남시","13494","","127.106110401586","2023-05-13","신고","경기도","손 클라이밍 앤 홀드샵","경기도 성남시 분당구 대왕판교로 670(삼평동)","N","인공암벽장업","경기도 성남시 분당구 삼평동 682 유스페이스2"
"경기도","N",127,"20220117","정상운영","2022-01-24","실내","37.354619014661","15847",436,"인공암벽장","군포시","당정동","군포시","15847","070-4217-7788","126.951087173903","2022-05-18","신고","경기도","볼더팝","경기도 군포시 공단로104번길 11(당정동)","N","인공암벽장업","경기도 군포시 당정동 317-1 용진지퍼"
"인천광역시","N",128,"20220613","정상운영","2022-06-27","실내","0","22397",192,"인공암벽장","중구","","중구","22397","032-715-4574","0","2022-06-27","신고","인천광역시","메트로락 클라이밍","인천광역시 중구 하늘중앙로195번길 20(중산동)","N","인공암벽장업","인천광역시 중구 중산동 1884-2"
"경기도","N",129,"20220427","정상운영","2022-08-05","없음","37.280561859215","16976",783,"인공암벽장","용인시","구갈동","용인시 기흥구","16976","","127.117956225743","2022-12-15","신고","경기도","볼더메이트 주식회사","경기도 용인시 기흥구 기흥로 58(구갈동)","N","인공암벽장업","경기도 용인시 기흥구 구갈동 681"
"서울특별시","N",130,"20220210","정상운영","2022-03-21","실내","37.4900138100912","06649",298,"인공암벽장","서초구","서초동","서초구","06649","02-552-8868","127.011599754182","2022-03-21","신고","서울특별시","(사)한국대학산악연맹","서울특별시 서초구 서초대로46길 65(서초동)","N","인공암벽장업","서울특별시 서초구 서초동 1559-3 아주빌딩"
"경기도","N",131,"20220613","정상운영","2022-07-21","실내","0","16705",370,"인공암벽장","수원시","","수원시","16705","031-205-3461","0","2022-07-22","신고","경기도","에픽클라임 영통","경기도 수원시 영통구 청명남로34번길 12(영통동)","N","인공암벽장업","경기도 수원시 영통구 영통동 1010-3"
"경기도","N",132,"20220616","정상운영","2022-07-21","없음","37.3027254295247","16324",175,"인공암벽장","수원시","천천동","수원시 장안구","16324","","126.97427697918","2023-05-11","신고","경기도","서수원클라이밍센터","경기도 수원시 장안구 하률로12번길 4(천천동)","N","인공암벽장업","경기도 수원시 장안구 천천동 557-4 율천프라자"
"부산광역시","N",133,"20220609","정상운영","2022-08-03","없음","35.2000898030732","47858",283,"인공암벽장","동래구","사직동","동래구","47858","051-506-9915","129.064062763355","2022-08-04","신고","부산광역시","패밀리 클라이밍센터","부산광역시 동래구 석사로 42-1(사직동)","N","인공암벽장업","부산광역시 동래구 사직동 71-24"
"부산광역시","N",134,"20220613","정상운영","2022-08-03","없음","36.49787652957536","",310,"인공암벽장","동래구","","동래구","47893","","127.26543401552541","2022-08-03","신고","부산광역시","락오디세이 동래","부산광역시 동래구 안남로31번길 6, 1,2층 (낙민동)","N","인공암벽장업","부산광역시 동래구 낙민동 91-3 "
"경기도","N",135,"20220510","정상운영","2022-05-26","없음","37.5622506296228","12913",469,"인공암벽장","하남시","망월동","하남시","12913","031-794-5045","127.192718271233","2022-05-26","신고","경기도","브이텐클라이밍(하남미사점)","경기도 하남시 미사강변동로 81(망월동)","N","인공암벽장업","경기도 하남시 망월동 1116 미사역 큐브앤 타워"
"충청남도","N",136,"20220616","정상운영","2022-09-03","없음","36.8344457089266","31102",299,"인공암벽장","천안시","","천안시","31102","","127.142167463532","2022-09-03","신고","충청남도","홍종열클라이밍짐","충청남도 천안시 서북구 성정두정로 100(두정동)","N","인공암벽장업","충청남도 천안시 서북구 두정동 1523 열매빌딩"
"강원도","N",137,"20220615","정상운영","2022-06-17","없음","0","24850",75,"인공암벽장","속초시","","속초시","24850","","0","2022-06-17","신고","강원도","에이짐클라이밍","강원도 속초시 만리공원길 6(교동, 럭키교동아파트)","N","인공암벽장업","강원도 속초시 교동 800-14 럭키교동아파트"
"충청북도","N",138,"20220615","정상운영","2022-06-17","없음","36.6040211018252","28784",473,"인공암벽장","청주시","방서동","청주시","28784","043-284-5014","127.502459267185","2022-06-17","신고","충청북도","타기클라이밍센터","충청북도 청주시 상당구 단재로 293(방서동)","N","인공암벽장업","충청북도 청주시 상당구 방서동 206-1"
"서울특별시","N",139,"20220602","정상운영","2022-06-09","없음","37.5551274621808","04930",383,"인공암벽장","광진구","중곡동","","04930","02-446-6111","127.085728784167","2022-06-09","신고","서울특별시","버티고 클라이밍 짐","서울특별시 광진구 천호대로 611(중곡동)","N","인공암벽장업","서울특별시 광진구 중곡동 131-5"
"서울특별시","N",140,"20220608","정상운영","2022-06-09","없음","37.5573491089665","04929",168,"인공암벽장","광진구","중곡동","","04929","02-456-5013","127.080791527536","2022-06-09","신고","서울특별시","레드포인트 클라이밍","서울특별시 광진구 천호대로109길 9(중곡동)","N","인공암벽장업","서울특별시 광진구 중곡동 157-17 리아리움더언타워"
"경상북도","N",141,"20220523","정상운영","2022-06-09","실내","35.8373567459241","38533",401,"인공암벽장","경산시","대동","경산시","38533","053-719-2301","128.753694418677","2022-06-09","신고","경상북도","노루클라이밍","경상북도 경산시 청운로 24(대동)","N","인공암벽장업","경상북도 경산시 대동 156-1"
"경상북도","N",142,"20220608","정상운영","2022-06-09","실내","35.9101777108334","38436",198,"인공암벽장","경산시","금락리","경산시","38436","053-851-3322","128.815235794293","2023-01-27","신고","경상북도","올라클라이밍센터","경상북도 경산시 하양읍 하양로 56","N","인공암벽장업","경상북도 경산시 하양읍 금락리 116-329"
"경기도","N",143,"20220818","정상운영","2022-09-02","없음","0","11940",264,"인공암벽장","구리시","","구리시","11940","031-565-8849","0","2022-09-02","신고","경기도","마운틴스타 클라이밍짐","경기도 구리시 체육관로 82(수택동)","N","인공암벽장업","경기도 구리시 수택동 847-9 타워클래스"
"경기도","N",144,"20220610","정상운영","2022-07-29","없음","37.1803639804733","18487",414,"인공암벽장","화성시","","화성시","18487","","127.091839398808","2022-07-29","신고","경기도","클라임 어클락","경기도 화성시 동탄기흥로257번가길 33(방교동)","N","인공암벽장업","경기도 화성시 방교동 780-3"
"부산광역시","N",145,"20220602","정상운영","2022-06-21","없음","35.1542441747188","47297",265,"인공암벽장","부산진구","전포동","부산진구","47297","","129.064024792869","2022-06-21","신고","부산광역시","브로스 클라이밍","부산광역시 부산진구 전포대로199번길 19(전포동)","N","인공암벽장업","부산광역시 부산진구 전포동 690-5 예원빌딩"
"부산광역시","N",146,"20220608","정상운영","2022-06-21","실내","35.1557468725816","47271",224,"인공암벽장","부산진구","","부산진구","47271","","129.033033069555","2022-06-21","신고","부산광역시","락오디세이","부산광역시 부산진구 가야대로563번길 31(가야동)","N","인공암벽장업","부산광역시 부산진구 가야동 60-26"
"인천광역시","N",147,"20210902","정상운영","2022-05-04","실내","37.5427523284424","21057",165,"인공암벽장","계양구","계산동","계양구","21057","032-554-5014","126.734306004718","2022-05-04","신고","인천광역시","인천계양클라이밍센터","인천광역시 계양구 경명대로 1146(계산동)","N","인공암벽장업","인천광역시 계양구 계산동 18-17"
"경기도","N",148,"20220614","정상운영","2022-07-01","실내","37.7294898618503","11738",529,"인공암벽장","의정부시","신곡동","의정부시","11738","031-847-1800","127.059746613922","2022-10-29","신고","경기도","킹 클라이밍","경기도 의정부시 동일로 460(신곡동)","N","인공암벽장업","경기도 의정부시 신곡동 334-2"
"경기도","N",149,"20220704","정상운영","2022-07-11","실내","37.3987037657752","13992",62,"인공암벽장","안양시","안양동","안양시 만안구","13992","031-449-2208","126.924448835263","2022-07-11","신고","경기도","아람클라이밍 짐","경기도 안양시 만안구 만안로 199(안양동)","N","인공암벽장업","경기도 안양시 만안구 안양동 674-193"
"경상북도","N",150,"20211223","정상운영","2022-07-11","없음","36.0834394395989","37587",199,"인공암벽장","포항시","양덕동","포항시","37587","054-277-0334","129.395901453104","2022-11-02","신고","경상북도","김대우 암벽교실","경상북도 포항시 북구 장량로145번길 17(양덕동)","N","인공암벽장업","경상북도 포항시 북구 양덕동 1247"
"경상북도","N",151,"20220624","정상운영","2022-07-11","없음","0","37775",231,"인공암벽장","포항시","","포항시","37775","","0","2022-07-11","신고","경상북도","포항클라이밍아카데미","경상북도 포항시 남구 중앙로 145(해도동)","N","인공암벽장업","경상북도 포항시 남구 해도동 34-31 삼송빌딩"
"경상북도","N",152,"20220509","정상운영","2022-07-11","없음","35.9709651655187","37882",323,"인공암벽장","포항시","원리","포항시 남구","37882","","129.406795386579","2022-07-11","신고","경상북도","포항스파이더클럽","경상북도 포항시 남구 오천읍 남원로 28","N","인공암벽장업","경상북도 포항시 남구 오천읍 원리 1387"
"강원도","N",153,"20220603","정상운영","2022-06-08","없음","0","24835",162,"인공암벽장","속초시","","속초시","24835","033-635-0814","0","2022-06-15","신고","강원도","속초클라이밍짐","강원도 속초시 중앙로 65(청학동)","N","인공암벽장업","강원도 속초시 청학동 645-6"
"대전광역시","N",154,"20220530","정상운영","2022-06-20","실내","0","34014",482,"인공암벽장","유성구","","유성구","34014","042-933-5015","0","2022-06-20","신고","대전광역시","테크노클라이밍짐","대전광역시 유성구 테크노4로 57(관평동)","N","인공암벽장업","대전광역시 유성구 관평동 748"
"대전광역시","N",155,"20220513","정상운영","2022-06-20","실내","0","34183",281,"인공암벽장","유성구","","유성구","34183","042-825-5014","0","2022-06-20","신고","대전광역시","클라임커뮤니케이션","대전광역시 유성구 대학로76번안길 62(궁동)","N","인공암벽장업","대전광역시 유성구 궁동 490-11"
"대전광역시","N",156,"20220513","정상운영","2022-06-20","없음","0","34187",482,"인공암벽장","유성구","","유성구","34187","042-825-5013","0","2022-06-20","신고","대전광역시","클라이밍짐리드","대전광역시 유성구 계룡로 129(봉명동)","N","인공암벽장업","대전광역시 유성구 봉명동 548-12"
"경기도","N",157,"20220725","정상운영","2022-08-01","실내","37.3788316738021","13595",826,"인공암벽장","성남시","수내동","성남시 분당구","13595","070-4833-8889","127.113285876267","2022-08-01","신고","경기도","락트리 분당","경기도 성남시 분당구 황새울로 224(수내동, 청구블루빌)","N","인공암벽장업","경기도 성남시 분당구 수내동 11-1 청구블루빌"
"인천광역시","N",158,"20220617","정상운영","2022-07-05","실내","37.4938798088184","21394",384,"인공암벽장","부평구","부평동","","21394","032-505-2345","126.723476654922","2022-07-05","신고","인천광역시","큐브클라이밍짐","인천광역시 부평구 부평문화로 64(부평동)","N","인공암벽장업","인천광역시 부평구 부평동 199-1"
"서울특별시","N",159,"20220708","정상운영","2022-09-13","없음","0","07803",995,"인공암벽장","강서구","","강서구","07803","02-2668-5014","0","2022-09-13","신고","서울특별시","더월클라이밍(주) 마곡지점","서울특별시 강서구 마곡동로 62(마곡동)","N","인공암벽장업","서울특별시 강서구 마곡동 796-3 마곡사이언스타워"
"경기도","N",160,"20220802","폐업","2022-09-14","없음","37.4027610774942","13982",137,"인공암벽장","안양시","박달동","안양시","13982","070-8690-3722","126.905655854852","2023-04-27","신고","경기도","안양클라이밍","경기도 안양시 만안구 박달로479번길 5(박달동)","N","인공암벽장업","경기도 안양시 만안구 박달동 137-1"
"경기도","Y",161,"19999999","정상운영","2022-07-19","실내","37.6526112183526","10414","","인공암벽장","고양시","마두동","고양시 일산동구","10414","031-900-1780","126.778116148539","2022-11-09","공공","경기도","일산올림픽스포츠센터 인공암벽장","경기도 고양시 일산동구 중앙로 1182(마두동)","N","인공암벽장업","경기도 고양시 일산동구 마두동 801 올림픽스포츠센터"
"경기도","N",162,"20220719","정상운영","2022-09-05","실내","37.6252012183439","12285",188,"인공암벽장","남양주시","","남양주시","12285","","127.15539408538","2022-09-05","신고","경기도","M2클라이밍GYM","경기도 남양주시 다산순환로 356(다산동)","N","인공암벽장업","경기도 남양주시 다산동 6053-2 푸리마타워"
"경상북도","N",163,"20220711","정상운영","2022-08-08","없음","36.1391432709649","39202",0,"인공암벽장","구미시","도량동","구미시","39202","054-452-8848","128.315966291909","2022-12-20","신고","경상북도","CC클라이밍센터","경상북도 구미시 야은로 299(도량동)","N","인공암벽장업","경상북도 구미시 도량동 228-2"
"경상북도","N",164,"20220615","정상운영","2022-08-08","없음","36.1543678241833","39464",440,"인공암벽장","구미시","","구미시","39464","","128.432531151783","2022-08-08","신고","경상북도","산동포시즌 클라이밍","경상북도 구미시 산동읍 신당1로 24","N","인공암벽장업","경상북도 구미시 산동읍 신당리 1458 바젤-파크시티 제1동"
"경상남도","N",165,"20210819","정상운영","2022-04-05","없음","","52845",498,"인공암벽장","진주시","","진주시","52845","055-763-1316","","2022-06-22","신고","경상남도","빅클라이밍","경상남도 진주시 정촌면 삼일로105번길 32-15","N","인공암벽장업","경상남도 진주시 정촌면 예하리 1272-2 "
"서울특별시","N",166,"20211123","정상운영","2022-06-13","실내","37.6529465229583","01762",142,"인공암벽장","노원구","상계동","노원구","01762","02-936-0515","127.060550327814","2022-06-13","신고","서울특별시","비숍클라이밍(Bishop Climb)","서울특별시 노원구 동일로 1393(상계동)","N","인공암벽장업","서울특별시 노원구 상계동 730-5 일신프라자"
"경기도","N",167,"20220610","정상운영","2022-06-13","실내","37.4472717162371","14908",295,"인공암벽장","시흥시","대야동","시흥시","14908","031-315-4940","126.791831822379","2022-06-13","신고","경기도","저스트 클라이밍센타","경기도 시흥시 복지로 96(대야동)","N","인공암벽장업","경기도 시흥시 대야동 568-2 A&C빌딩"
"대전광역시","N",168,"20211202","정상운영","2022-04-07","없음","36.3619662173402","34148",548,"인공암벽장","유성구","","유성구","34148","042-824-5016","127.323555313924","2022-04-07","신고","대전광역시","하나클라이밍짐(사단법인 대전하나스포츠클럽)","대전광역시 유성구 월드컵대로 32(노은동)","N","인공암벽장업","대전광역시 유성구 노은동 270 대전월드컵경기장"
"경기도","N",169,"20220610","정상운영","2022-07-22","없음","37.2903475875849","12631",321,"인공암벽장","여주시","","여주시","12631","070-882-5421","127.635602676236","2022-07-23","신고","경기도","여주클라이밍센터","경기도 여주시 세종로 85(홍문동)","N","인공암벽장업","경기도 여주시 홍문동 274-6 여주종합터미널"
"서울특별시","N",170,"20220513","정상운영","2022-08-26","없음","37.481085538274","05849",220,"인공암벽장","송파구","장지동","송파구","05849","02-400-3845","127.142394775398","2022-08-26","신고","서울특별시","에어즈락클라이밍","서울특별시 송파구 위례광장로 188(장지동)","N","인공암벽장업","서울특별시 송파구 장지동 881 아이온스퀘어"
"강원도","N",171,"20220810","정상운영","2022-08-26","없음","37.8552178108212","24390",80,"인공암벽장","춘천시","","춘천시","24390","","127.746873020631","2022-08-26","신고","강원도","남춘천클라이밍","강원도 춘천시 춘천순환로 29(석사동)","N","인공암벽장업","강원도 춘천시 석사동 818-17"
"강원도","N",172,"20220712","정상운영","2022-08-26","실내","0","24404",265,"인공암벽장","춘천시","","춘천시","24404","033-1544-6772","0","2022-08-26","신고","강원도","아이클라임(주)","강원도 춘천시 동내면 공지로 70-61","N","인공암벽장업","강원도 춘천시 동내면 거두리 933-2"
"서울특별시","N",173,"20220308","정상운영","2022-04-27","없음","0","05043",260,"인공암벽장","광진구","","광진구","05043","02-454-5014","0","2022-04-27","신고","서울특별시","클라이밍센터","서울특별시 광진구 자양로 120(구의동)","N","인공암벽장업","서울특별시 광진구 구의동 252-109"
"대구광역시","N",174,"20220616","정상운영","2022-10-11","실내","35.8419559059356","42268",221,"인공암벽장","수성구","매호동","수성구","42268","053-794-3918","128.703344843197","2022-10-11","신고","대구광역시","챌린져클라이밍센터","대구광역시 수성구 달구벌대로631길 6(매호동)","N","인공암벽장업","대구광역시 수성구 매호동 1344-6"
"서울특별시","N",175,"20220706","정상운영","2022-09-26","없음","37.5049174628463","08216",613,"인공암벽장","구로구","구로동","구로구","08216","","126.877135134148","2022-09-26","신고","서울특별시","주식회사 클라임잇 구로점","서울특별시 구로구 구로중앙로 215(구로동)","N","인공암벽장업","서울특별시 구로구 구로동 612-10"
"서울특별시","N",176,"20220801","정상운영","2022-09-26","실내","37.4857057781612","08380",341,"인공암벽장","구로구","구로동","구로구","08380","","126.895512679788","2022-09-26","신고","서울특별시","스튜디오볼더 클라이밍짐","서울특별시 구로구 디지털로33길 11(구로동)","N","인공암벽장업","서울특별시 구로구 구로동 191-7 에이스테크노타워8차"
"경기도","N",177,"20220705","정상운영","2022-07-08","실내","37.4458357485803","14923",497,"인공암벽장","시흥시","은행동","시흥시","14923","","126.80204447876","2022-07-08","신고","경기도","볼더가든","경기도 시흥시 은계호수로 49(은행동)","N","인공암벽장업","경기도 시흥시 은행동 605 시흥 센트럴돔 그랑트리 캐슬"
"경상남도","N",178,"20220701","정상운영","2022-07-08","실내","35.2288997685417","50959",365,"인공암벽장","김해시","외동","김해시","50959","","128.848790687536","2022-11-19","신고","경상남도","김해클라이밍","경상남도 김해시 금관대로 1125(외동, 성평그린빌아파트)","N","인공암벽장업","경상남도 김해시 외동 1104 성평그린빌아파트"
"경기도","N",179,"20220613","정상운영","2022-06-14","실내","0","10596",171,"인공암벽장","고양시","","고양시","10596","","0","2022-06-14","신고","경기도","RPM 클라이밍","경기도 고양시 덕양구 고양대로 1942(동산동)","N","인공암벽장업","경기도 고양시 덕양구 동산동 74-10"
"경기도","N",180,"20220603","정상운영","2022-06-14","없음","37.7084591696246","12067",264,"인공암벽장","남양주시","연평리","남양주시","12067","","127.188824723583","2022-06-14","신고","경기도","오남 무브온 클라이밍","경기도 남양주시 진접읍 진건오남로 982-28","N","인공암벽장업","경기도 남양주시 진접읍 연평리 51-2"
"경상남도","N",181,"20220610","정상운영","2022-06-14","실내","35.2503292375342","50813",221,"인공암벽장","김해시","삼방동","김해시","50813","","128.903718993516","2022-12-28","신고","경상남도","위드클라이밍짐","경상남도 김해시 인제로 246(삼방동)","N","인공암벽장업","경상남도 김해시 삼방동 573-7"
"경상남도","N",182,"20220608","정상운영","2022-06-14","실내","35.2029087964574","50981",251,"인공암벽장","김해시","부곡동","김해시","50981","","128.808567623173","2022-06-14","신고","경상남도","더코아 클라이밍","경상남도 김해시 능동로 159(부곡동)","N","인공암벽장업","경상남도 김해시 부곡동 1161-10"
"제주특별자치도","N",183,"20220531","정상운영","2022-06-14","실내","33.4902127701919","63125",234,"인공암벽장","제주시","연동","제주시","63125","","126.491219639222","2022-06-15","신고","제주특별자치도","픽스볼더","제주특별자치도 제주시 삼무로 41(연동)","N","인공암벽장업","제주특별자치도 제주시 연동 271-36"
"전라남도","N",184,"20220928","정상운영","2022-10-04","없음","0","58690",289,"인공암벽장","목포시","","목포시","58690","","0","2022-10-07","신고","전라남도","목포리드클라이밍센터","전라남도 목포시 백년대로 324(상동)","N","인공암벽장업","전라남도 목포시 상동 882-2"
"경상남도","N",185,"20220907","정상운영","2022-10-04","없음","35.3151978592608","50652",314,"인공암벽장","양산시","범어리","양산시","50652","","129.012079762717","2022-10-04","신고","경상남도","어썸클라이밍짐","경상남도 양산시 물금읍 부산대학로 156","N","인공암벽장업","경상남도 양산시 물금읍 범어리 2782-4 에이원메트로"
"경기도","N",186,"20220916","정상운영","2022-09-20","없음","37.3926558152071","14084",356,"인공암벽장","안양시","안양동","안양시","14084","","126.93822186211","2023-05-11","신고","경기도","클라임데이즈","경기도 안양시 만안구 덕천로152번길 25(안양동)","N","인공암벽장업","경기도 안양시 만안구 안양동 1432 안양아이에스BIZ타워센트럴"
"경기도","N",187,"20220719","정상운영","2022-10-17","없음","0","18115",210,"인공암벽장","오산시","","오산시","18115","","0","2023-01-19","신고","경기도","오산 클라이밍센터","경기도 오산시 오산로 336(궐동)","N","인공암벽장업","경기도 오산시 궐동 72-3"
"서울특별시","N",188,"20220607","정상운영","2022-10-24","실내","37.4884520759924","06999",374,"인공암벽장","동작구","사당동","동작구","06999","02-533-5294","126.978107297965","2022-10-24","신고","서울특별시","볼더라이프 컴퍼니","서울특별시 동작구 동작대로29길 69(사당동)","N","인공암벽장업","서울특별시 동작구 사당동 120-1"
"경기도","N",189,"20220930","정상운영","2022-10-24","없음","37.1933905246238","18482",208,"인공암벽장","화성시","청계동","화성시","18482","","127.100057840152","2022-10-24","신고","경기도","CL클라이밍","경기도 화성시 동탄대로 446(청계동)","N","인공암벽장업","경기도 화성시 청계동 564"
"서울특별시","N",190,"20220608","정상운영","2022-06-15","실내","37.4977293058869","08298",480,"인공암벽장","구로구","구로동","구로구","08298","","126.891852633222","2022-06-15","신고","서울특별시","에이스클라이밍센터","서울특별시 구로구 가마산로27길 14(구로동)","N","인공암벽장업","서울특별시 구로구 구로동 106-8 신원빌딩"
"서울특별시","N",191,"20221031","정상운영","2022-11-01","없음","0","07297",217,"인공암벽장","영등포구","","영등포구","07297","02-2088-5310","0","2022-11-01","신고","서울특별시","몽키즈클라이밍 영등포점","서울특별시 영등포구 당산로 42(문래동3가)","N","인공암벽장업","서울특별시 영등포구 문래동3가 55-3 홈플러스"
"서울특별시","N",192,"20220817","정상운영","2022-11-01","없음","37.5372203548701","07206",76,"인공암벽장","영등포구","","영등포구","07206","02-2676-1932","126.897713262989","2022-11-01","신고","서울특별시","서종국클라이밍","서울특별시 영등포구 선유로53길 6(양평동4가)","N","인공암벽장업","서울특별시 영등포구 양평동4가 277-1 문화빌딩"
"서울특별시","N",193,"20220613","정상운영","2022-11-01","없음","37.5136490336161","07290",151,"인공암벽장","영등포구","문래동2가","영등포구","07290","02-6406-8890","126.895719637654","2022-11-01","신고","서울특별시","더플라스틱","서울특별시 영등포구 도림로 423(문래동2가)","N","인공암벽장업","서울특별시 영등포구 문래동2가 11-1"
"서울특별시","N",194,"20220613","정상운영","2022-11-01","없음","37.525747305266","07229",398,"인공암벽장","영등포구","영등포동7가","영등포구","07229","02-2676-8848","126.908857826436","2022-11-01","신고","서울특별시","클라임웍스","서울특별시 영등포구 버드나루로 85(영등포동7가, 훼미리하우스117)","N","인공암벽장업","서울특별시 영등포구 영등포동7가 94-51 훼미리하우스117"
"인천광역시","N",195,"20210903","정상운영","2022-11-01","없음","0","22640",1680,"인공암벽장","서구","","서구","22640","032-715-5014","0","2022-11-30","신고","인천광역시","디스커버리씨에스(주)지점","인천광역시 서구 완정로 70(마전동)","N","인공암벽장업","인천광역시 서구 마전동 999-4"
"인천광역시","N",196,"20210830","정상운영","2022-11-01","실내","37.5339466873779","22736",421,"인공암벽장","서구","","서구","22736","032-721-5014","126.65290147562","2022-11-30","신고","인천광역시","디스커버리씨에스(주) 청라지점","인천광역시 서구 청라라임로 71(청라동)","N","인공암벽장업","인천광역시 서구 청라동 162-10 진영메디피아"
"경기도","N",197,"20220926","정상운영","2022-11-01","없음","37.6142756815728","12248",499,"인공암벽장","남양주시","","남양주시","12248","031-555-0868","127.154010953426","2022-11-01","신고","경기도","퍼즐클라이밍","경기도 남양주시 다산중앙로19번길 15(다산동)","N","인공암벽장업","경기도 남양주시 다산동 6146"
"전라남도","N",198,"20220614","정상운영","2022-11-01","없음","0","58118",145,"인공암벽장","화순군","","화순군","58118","","0","2022-11-01","신고","전라남도","화순 락클라이밍센터","전라남도 화순군 화순읍 진각로 122","N","인공암벽장업","전라남도 화순군 화순읍 향청리 115-8"
"광주광역시","N",199,"20220509","정상운영","2022-06-15","없음","35.149115222787","61962",0,"인공암벽장","서구","치평동","서구","61962","","126.847653299677","2022-06-16","신고","광주광역시","광주 클라이밍 클라임패밀리 상무점","광주광역시 서구 치평로 20(치평동)","N","인공암벽장업","광주광역시 서구 치평동 1177"
"경기도","N",200,"20220613","정상운영","2022-06-15","없음","37.7202231679882","10884",358,"인공암벽장","파주시","문발동","파주시","10884","","126.711302277569","2022-06-15","신고","경기도","교하스포츠 클라이밍짐","경기도 파주시 책향기로 277(문발동)","N","인공암벽장업","경기도 파주시 문발동 602-7"
"경기도","N",201,"20220531","정상운영","2022-06-15","없음","37.6392732269675","10088",293,"인공암벽장","김포시","장기동","김포시","10088","031-988-2527","126.674711396856","2022-06-15","신고","경기도","잼클라이밍","경기도 김포시 김포한강2로 76(장기동)","N","인공암벽장업","경기도 김포시 장기동 2039-2 프레즌스빌딩"
"강원도","N",202,"20220603","정상운영","2022-06-15","없음","0","24872",321,"인공암벽장","속초시","","속초시","24872","","0","2022-06-15","신고","강원도","아임낫볼더","강원도 속초시 엑스포로 75(조양동)","N","인공암벽장업","강원도 속초시 조양동 1545-1"
"강원도","N",203,"20220324","정상운영","2022-06-15","없음","0","24859",157,"인공암벽장","속초시","","속초시","24859","033-632-6656","0","2022-06-28","신고","강원도","국립등산학교 인공암벽장 및 실내암벽교육장","강원도 속초시 미시령로 3056-1(노학동)","N","인공암벽장업","강원도 속초시 노학동 735-7 인공암벽장"
"강원도","N",204,"20220215","정상운영","2022-06-15","없음","38.2061893631415","24839",118,"인공암벽장","속초시","교동","속초시","24839","","128.576990688539","2022-06-15","신고","강원도","펀 클라이밍","강원도 속초시 교동로 82(교동)","N","인공암벽장업","강원도 속초시 교동 780-42"
"충청북도","N",205,"20220607","정상운영","2022-06-15","없음","37.1345400864617","27185",151,"인공암벽장","제천시","명동","제천시","27185","","128.208501242401","2022-06-15","신고","충청북도","톺아클라이밍","충청북도 제천시 의림대로 71(명동)","N","인공암벽장업","충청북도 제천시 명동 209-5"
"전라남도","N",206,"20220304","정상운영","2022-06-15","없음","34.8123844107943","58567",268,"인공암벽장","무안군","남악리","무안군","58567","","126.461742249509","2022-06-16","신고","전라남도","카르페클라임","전라남도 무안군 삼향읍 대죽서로 41","N","인공암벽장업","전라남도 무안군 삼향읍 남악리 2167"
"경상북도","N",207,"20220613","정상운영","2022-06-15","실내","0","38611",181,"인공암벽장","경산시","","경산시","38611","053-813-8848","0","2022-06-15","신고","경상북도","스톤클라이밍짐","경상북도 경산시 대학로 104(중방동)","N","인공암벽장업","경상북도 경산시 중방동 211-8"
"경상북도","N",208,"20220613","정상운영","2022-06-15","실내","0","38536",389,"인공암벽장","경산시","","경산시","38536","053-813-3918","0","2022-06-15","신고","경상북도","챌린져클라이밍센터 경산영대점","경상북도 경산시 압량읍 대학로 388","N","인공암벽장업","경상북도 경산시 압량읍 신대리 434"
"인천광역시","N",209,"20220113","정상운영","2022-11-02","실내","37.3786608661181","21984",531,"인공암벽장","연수구","송도동","","21984","","126.662841516858","2022-11-07","신고","인천광역시","디스커버리씨에스(주) 송도지점","인천광역시 연수구 송도과학로16번길 33-4(송도동)","N","인공암벽장업","인천광역시 연수구 송도동 176-5 송도 트리플스트리트"
"대구광역시","N",210,"20220609","정상운영","2022-06-24","없음","35.8925386374073","41564",632,"인공암벽장","북구","복현동","북구","41564","053-956-6547","128.621253217523","2022-11-23","신고","대구광역시","초크업 클라이밍 경대점","대구광역시 북구 동북로 288(복현동)","N","인공암벽장업","대구광역시 북구 복현동 479-3"
"대구광역시","N",211,"20220613","정상운영","2022-06-24","없음","35.9421118087857","41423",802,"인공암벽장","북구","동천동","북구","41423","053-325-0393","128.563046618334","2022-11-23","신고","대구광역시","챌린져 클라이밍센터 칠곡점","대구광역시 북구 학정로 419(동천동)","N","인공암벽장업","대구광역시 북구 동천동 912-2 동천동빌딩"
"경기도","N",212,"20220616","정상운영","2022-06-24","없음","37.2227385669065","18337",240,"인공암벽장","화성시","기안동","화성시","18337","031-226-5016","126.974357801023","2022-11-15","신고","경기도","화성클라이밍클럽","경기도 화성시 효행로 287(기안동)","N","인공암벽장업","경기도 화성시 기안동 371-2 보보스프라자"
"경기도","N",213,"20220608","정상운영","2022-08-16","없음","0","14582",274,"인공암벽장","부천시","","부천시","14582","","0","2022-08-16","신고","경기도","타이거볼더클라이밍짐","경기도 부천시 부흥로307번길 52(중동)","N","인공암벽장업","경기도 부천시 중동 1127-6"
"경기도","N",214,"20220114","정상운영","2022-04-11","없음","37.325618041786","16870",519,"인공암벽장","용인시","죽전동","용인시","16870","031-281-7426","127.104762479691","2022-04-11","신고","경기도","엔그램","경기도 용인시 수지구 포은대로 499(죽전동)","N","인공암벽장업","경기도 용인시 수지구 죽전동 1003-43"
"경상남도","N",215,"20220414","정상운영","2022-04-19","실내","35.2356063966835","50948",489,"인공암벽장","김해시","내동","김해시","50948","","128.866099297096","2022-11-19","신고","경상남도","두클라이밍 김해점","경상남도 김해시 내외로77번길 12(내동)","N","인공암벽장업","경상남도 김해시 내동 1117-1"
"제주특별자치도","N",216,"19990101","정상운영","2022-08-25","실외","33.4950621500521","63189","","인공암벽장","제주시","오라일동","제주시","63189","064-728-3272","126.518797458105","2022-08-25","공공","제주특별자치도","인공암벽장 ","제주특별자치도 제주시 서광로2길 24(오라일동)","N","인공암벽장업","제주특별자치도 제주시 오라일동 1165"
"대구광역시","N",217,"20220425","정상운영","2022-06-07","없음","35.9422221633857","41423",477,"인공암벽장","북구","동천동","북구","41423","","128.559738616148","2022-11-23","신고","대구광역시","손세동 클라이밍","대구광역시 북구 동천로23길 8(동천동)","N","인공암벽장업","대구광역시 북구 동천동 907-7"
"울산광역시","N",218,"20220524","정상운영","2022-06-07","없음","0","44721",398,"인공암벽장","남구","","남구","44721","","0","2022-06-07","신고","울산광역시","등반세계","울산광역시 남구 꽃대나리로 57(달동)","N","인공암벽장업","울산광역시 남구 달동 1287-8"
"경기도","N",219,"20220429","정상운영","2022-06-30","실내","37.7327056890367","11626",220,"인공암벽장","의정부시","의정부동","의정부시","11626","","127.040738260565","2022-07-01","신고","경기도","샤모니 클라이밍","경기도 의정부시 경의로 48(의정부동)","N","인공암벽장업","경기도 의정부시 의정부동 600-2"
"충청북도","N",220,"20220519","정상운영","2022-05-30","실내","36.9828062274917","27349",144,"인공암벽장","충주시","연수동","충주시","27349","","127.928540973162","2022-05-30","신고","충청북도","넝쿨클라이밍센터","충청북도 충주시 국원대로 126(연수동)","N","인공암벽장업","충청북도 충주시 연수동 1148 세원뮤직"
"경기도","N",221,"20220620","정상운영","2022-06-29","없음","37.485559842336","14637",920,"인공암벽장","부천시","심곡동","부천시","14637","032-665-0305","126.782277700261","2022-12-13","신고","경기도","캐치스톤 클라이밍짐","경기도 부천시 부천로 11(심곡동)","N","인공암벽장업","경기도 부천시 심곡동 175-6 해태쇼핑"
"강원도","N",222,"20220531","정상운영","2022-06-29","실내","0","26432",224,"인공암벽장","원주시","","원주시","26432","","0","2022-06-29","신고","강원도","클라이밍원주","강원도 원주시 원일로 19(원동)","N","인공암벽장업","강원도 원주시 원동 88-5"
"경기도","N",223,"20220611","정상운영","2022-06-22","없음","37.3721896392194","15802",152,"인공암벽장","군포시","산본동","군포시","15802","031-393-7747","126.93526888179","2022-06-22","신고","경기도","산본클라이밍센터","경기도 군포시 고산로 695(산본동)","N","인공암벽장업","경기도 군포시 산본동 1060"
"서울특별시","N",224,"20220617","정상운영","2022-06-28","없음","37.5581849641381","07646",433,"인공암벽장","강서구","내발산동","강서구","07646","02-3662-0138","126.839101262993","2022-06-28","신고","서울특별시","강서클라이밍센터","서울특별시 강서구 공항대로 284(내발산동)","N","인공암벽장업","서울특별시 강서구 내발산동 646"
"서울특별시","N",225,"20220614","정상운영","2022-06-28","없음","0","07648",186,"인공암벽장","강서구","","강서구","07648","02-2600-8852","0","2022-06-28","신고","서울특별시","KBS 스포츠월드 클라이밍장","서울특별시 강서구 공항대로 376(화곡동)","N","인공암벽장업","서울특별시 강서구 화곡동 1093-76 KBS스포츠월드"
"충청북도","N",226,"20220520","정상운영","2022-06-28","없음","36.6656104176898","28320",424,"인공암벽장","청주시","율량동","청주시 청원구","28320","043-217-5697","127.497926162677","2023-04-15","신고","충청북도","청주락클라이밍센터","충청북도 청주시 청원구 율량로190번길 15(율량동)","N","인공암벽장업","충청북도 청주시 청원구 율량동 2044"
"경기도","N",227,"20220615","정상운영","2022-06-16","없음","37.6461192027491","10071",297,"인공암벽장","김포시","구래동","김포시","10071","031-989-4443","126.627536774143","2022-06-16","신고","경기도","제이나인컴퍼니","경기도 김포시 김포한강4로 507(구래동)","N","인공암벽장업","경기도 김포시 구래동 6880-2"
"경기도","N",228,"20220530","정상운영","2022-06-16","없음","37.7636448348963","10930",161,"인공암벽장","파주시","금촌동","파주시","10930","","126.776026683814","2022-06-16","신고","경기도","파주클라이밍","경기도 파주시 마무리길 90(금촌동)","N","인공암벽장업","경기도 파주시 금촌동 52-36 대도빌딩"
"경기도","N",229,"20220602","정상운영","2022-06-16","없음","37.712037305198","10905",246,"인공암벽장","파주시","동패동","파주시","10905","031-944-6262","126.744481738029","2022-06-16","신고","경기도","애스트로맨","경기도 파주시 와석순환로 135(동패동)","N","인공암벽장업","경기도 파주시 동패동 1758 신한프라자"
"전라남도","N",230,"20220615","정상운영","2022-06-16","없음","34.9104755377214","58019",1685,"인공암벽장","순천시","","순천시","58019","061-727-4042","127.529299181789","2022-06-16","신고","전라남도","주식회사 오르세 몬타렉스","전라남도 순천시 해룡면 낙선길 2","N","인공암벽장업","전라남도 순천시 해룡면 월전리 518-11"
"경기도","N",231,"19990101","정상운영","2022-04-15","없음","37.7158697863738","10901","","인공암벽장","파주시","동패동","파주시","10901","031-940-5237","126.742957526719","2022-04-15","공공","경기도","운정건강공원인공암벽장","경기도 파주시 와석순환로172번길 35(동패동)","N","인공암벽장업","경기도 파주시 동패동 1800"
"경기도","N",232,"20220623","정상운영","2022-06-30","없음","37.3207552346417","15352",243,"인공암벽장","안산시","고잔동","안산시 단원구","15352","031-403-5400","126.832421355757","2022-06-30","신고","경기도","클라이밍 트리클","경기도 안산시 단원구 화랑로 402(고잔동)","N","인공암벽장업","경기도 안산시 단원구 고잔동 527-8 신원빌딩"
"경기도","N",233,"20220615","정상운영","2022-06-30","없음","37.3117288962889","15470",253,"인공암벽장","안산시","고잔동","안산시","15470","","126.831555181818","2022-06-30","신고","경기도","안산베이스캠프클라이밍","경기도 안산시 단원구 광덕2로 185-20(고잔동)","N","인공암벽장업","경기도 안산시 단원구 고잔동 768-5 골드프라자"
"강원도","N",234,"20220531","정상운영","2022-06-30","실내","0","26399",301,"인공암벽장","원주시","","원주시","26399","033-765-0909","0","2022-06-30","신고","강원도","고고 클라이밍 2호점","강원도 원주시 판부면 서곡널다리길 8","N","인공암벽장업","강원도 원주시 판부면 서곡리 445-7"
"전라남도","N",235,"20220614","정상운영","2022-06-30","실내","0","59686",181,"인공암벽장","여수시","","여수시","59686","","0","2022-06-30","신고","전라남도","여수 실내 암벽","전라남도 여수시 망마로 65(신기동)","N","인공암벽장업","전라남도 여수시 신기동 116-11"
"전라남도","N",236,"20220614","정상운영","2022-06-30","실내","34.7522735338707","59708",325,"인공암벽장","여수시","문수동","여수시","59708","061-655-2220","127.701241951067","2022-06-30","신고","전라남도","스파이더짐","전라남도 여수시 문수로 50(문수동)","N","인공암벽장업","전라남도 여수시 문수동 128"
"경상남도","N",237,"20220608","정상운영","2022-11-25","없음","36.49787652957536","",310,"인공암벽장","창원시","","창원시","51593","055-552-5001","127.26543401552541","2022-11-25","신고","경상남도","광클라이밍센터","경상남도 창원시 진해구 장복대로 171, 403,404호 (자은동)","N","인공암벽장업","경상남도 창원시 진해구 자은동 143-1 "
"서울특별시","N",238,"20220511","정상운영","2022-11-29","없음","37.5423334235585","04779",213,"인공암벽장","성동구","성수동1가","성동구","04779","","127.048565268661","2022-11-29","신고","서울특별시","서울숲클라이밍","서울특별시 성동구 성수일로 19(성수동1가)","N","인공암벽장업","서울특별시 성동구 성수동1가 656-54 UHAN TOWER(유한타워)"
"경상북도","N",239,"20220711","정상운영","2022-11-29","실내","36.0570715632117","37637",381,"인공암벽장","포항시","우현동","포항시 북구","37637","054-255-8370","129.365858366572","2022-11-29","신고","경상북도","아띠 클라이밍","경상북도 포항시 북구 우창동로 70(우현동)","N","인공암벽장업","경상북도 포항시 북구 우현동 산9 테라스31"
"인천광역시","N",240,"20210809","정상운영","2022-11-28","실내","37.518318247266","22777",198,"인공암벽장","서구","가정동","서구","22777","032-572-8847","126.673208768937","2022-11-28","신고","인천광역시","서인천 클라이밍 센터","인천광역시 서구 가정로 374(가정동)","N","인공암벽장업","인천광역시 서구 가정동 505-24"
"경기도","N",241,"20220506","정상운영","2022-11-28","없음","37.6242075037931","12240",410,"인공암벽장","남양주시","금곡동","남양주시","12240","031-595-5014","127.203406672596","2022-12-13","신고","경기도","조규복클라이밍센터","경기도 남양주시 석실로 696(금곡동)","N","인공암벽장업","경기도 남양주시 금곡동 567-1"
"경기도","N",242,"20221128","정상운영","2022-12-05","없음","37.4730513390026","13640",411,"인공암벽장","성남시","창곡동","성남시","13640","","127.141262948182","2022-12-05","신고","경기도","GRIP PICK CLIMBING","경기도 성남시 수정구 위례광장로 104(창곡동)","N","인공암벽장업","경기도 성남시 수정구 창곡동 505 위례 한화 오벨리스크 센트럴스퀘어"
"전라북도","N",243,"20211110","정상운영","2022-12-05","없음","35.841412967398","54868",488,"인공암벽장","전주시","","전주시","54868","","127.079455639067","2022-12-05","신고","전라북도","어센트클라이밍 전주","전라북도 전주시 덕진구 만성중앙로 76(만성동)","N","인공암벽장업","전라북도 전주시 덕진구 만성동 1263-4"
"서울특별시","N",244,"20220602","정상운영","2022-11-09","없음","37.6333643585248","03311",160,"인공암벽장","은평구","진관동","은평구","03311","02-357-0305","126.917852171711","2022-11-09","신고","서울특별시","맑음 클라임","서울특별시 은평구 통일로 1020(진관동)","N","인공암벽장업","서울특별시 은평구 진관동 100-2 은평뉴타운 신한 헤센스마트"
"경기도","N",245,"20221111","정상운영","2022-12-02","없음","0","17585",281,"인공암벽장","안성시","","안성시","17585","031-3699-9876","0","2022-12-02","신고","경기도","클라이밍 더 하기","경기도 안성시 보개원삼로 147(가사동)","N","인공암벽장업","경기도 안성시 가사동 18-3"
"서울특별시","N",246,"20220511","정상운영","2022-11-14","없음","0","05385",1184,"인공암벽장","강동구","","강동구","05385","02-482-2015","0","2022-11-14","신고","서울특별시","브이텐 클라이밍","서울특별시 강동구 올림픽로 588(성내동)","N","인공암벽장업","서울특별시 강동구 성내동 111-21 귀뚜라미빌딩"
"서울특별시","N",247,"20220603","정상운영","2022-11-08","실내","37.584120180365","03077",478,"인공암벽장","종로구","명륜2가","종로구","03077","070-8886-2018","127.000806442921","2022-12-20","신고","서울특별시","알레클라이밍 혜화","서울특별시 종로구 창경궁로34길 18-5(명륜2가)","N","인공암벽장업","서울특별시 종로구 명륜2가 21-9"
"서울특별시","N",248,"20220610","폐업","2022-11-08","없음","37.5689505293286","03191",887,"인공암벽장","종로구","관철동","종로구","03191","","126.988079109583","2022-11-09","신고","서울특별시","주식회사 시네코아 TCC(더코아클라이밍)","서울특별시 종로구 삼일대로 386(관철동)","N","인공암벽장업","서울특별시 종로구 관철동 33-1 시네코아"
"광주광역시","N",249,"20220719","정상운영","2022-11-08","없음","35.2110673647876","61074",374,"인공암벽장","북구","","북구","61074","","126.873560129992","2022-11-09","신고","광주광역시","핸드워크 양산점","광주광역시 북구 임방울대로 1068(용두동)","N","인공암벽장업","광주광역시 북구 용두동 305-44"
"광주광역시","N",250,"20220719","정상운영","2022-11-08","없음","35.1772672586694","61189",205,"인공암벽장","북구","용봉동","북구","61189","","126.913355531911","2022-11-09","신고","광주광역시","핸드워크 전대점","광주광역시 북구 면앙로6번길 68(용봉동)","N","인공암벽장업","광주광역시 북구 용봉동 152-6"
"광주광역시","N",251,"20220628","정상운영","2022-11-08","없음","0","61041",393,"인공암벽장","북구","","북구","61041","062-575-2884","0","2022-11-08","신고","광주광역시","락 클라이밍센터","광주광역시 북구 설죽로 510(일곡동)","N","인공암벽장업","광주광역시 북구 일곡동 830-4"
"광주광역시","N",252,"20220512","정상운영","2022-11-08","없음","0","61171",331,"인공암벽장","북구","","북구","61171","","0","2022-12-15","신고","광주광역시","익스트림 클라이밍 센터","광주광역시 북구 동문대로 165(두암동)","N","인공암벽장업","광주광역시 북구 두암동 568-2"
"광주광역시","N",253,"20220609","정상운영","2022-11-08","없음","35.1418737118775","62422",179,"인공암벽장","광산구","송정동","광산구","62422","","126.800045400582","2022-11-08","신고","광주광역시","송정G1클라이밍","광주광역시 광산구 광산로 87(송정동)","N","인공암벽장업","광주광역시 광산구 송정동 735"
"광주광역시","N",254,"20220616","정상운영","2022-11-08","없음","35.1905054665039","62225",322,"인공암벽장","광산구","장덕동","광산구","62225","","126.818017760004","2022-11-08","신고","광주광역시","온클라이밍","광주광역시 광산구 장신로 72(장덕동)","N","인공암벽장업","광주광역시 광산구 장덕동 1658"
"광주광역시","N",255,"20220616","정상운영","2022-11-08","없음","35.204930502121","62244",700,"인공암벽장","광산구","수완동","광산구","62244","","126.819443302387","2022-11-08","신고","광주광역시","광주클라이밍클라임패밀리 수완점","광주광역시 광산구 임방울대로 507(수완동)","N","인공암벽장업","광주광역시 광산구 수완동 669-1"
"경기도","N",256,"20220727","정상운영","2022-11-08","없음","37.2580622885128","16547",608,"인공암벽장","수원시","매탄동","수원시","16547","031-217-5014","127.045385098491","2022-11-08","신고","경기도","그래비티 클라이밍 수원점","경기도 수원시 영통구 효원로 400(매탄동)","N","인공암벽장업","경기도 수원시 영통구 매탄동 1276 레몬스포렉스"
"경기도","N",257,"20220823","정상운영","2022-11-08","없음","0","13627",368,"인공암벽장","성남시","","성남시","13627","031-714-5014","0","2023-03-31","신고","경기도","더볼더","경기도 성남시 분당구 미금일로90번길 36-5(구미동)","N","인공암벽장업","경기도 성남시 분당구 구미동 29-1 더프라자"
"서울특별시","N",258,"20220629","정상운영","2022-12-01","없음","37.5434451823418","04735",164,"인공암벽장","성동구","옥수동","성동구","04735","02-2297-5014","127.016418821425","2022-12-01","신고","서울특별시","손정준스포츠클라이밍 연구소","서울특별시 성동구 한림말5길 25(옥수동)","N","인공암벽장업","서울특별시 성동구 옥수동 348-2"
"서울특별시","N",259,"20220715","정상운영","2022-12-01","없음","37.5475565627229","04793",218,"인공암벽장","성동구","성수동2가","성동구","04793","02-6082-4739","127.054447732155","2022-12-01","신고","서울특별시","훅클라이밍","서울특별시 성동구 성수일로12길 34(성수동2가)","N","인공암벽장업","서울특별시 성동구 성수동2가 289-211"
"서울특별시","N",260,"20220718","정상운영","2022-12-01","없음","37.5582206987955","04745",354,"인공암벽장","성동구","행당동","성동구","04745","02-2282-4739","127.035482520519","2022-12-01","신고","서울특별시","훅클라이밍(행당점)","서울특별시 성동구 고산자로6길 40(행당동)","N","인공암벽장업","서울특별시 성동구 행당동 140 행당동 레몬프라자"
"서울특별시","N",261,"20220621","정상운영","2022-11-04","없음","37.5644996570774","04549",272,"인공암벽장","중구","인현동2가","중구","04549","","126.995050103853","2022-11-04","신고","서울특별시","담장 클라이밍","서울특별시 중구 마른내로 63-3(인현동2가)","N","인공암벽장업","서울특별시 중구 인현동2가 96-2"
"서울특별시","N",262,"20220613","정상운영","2022-11-04","없음","37.5592126838336","04623",332,"인공암벽장","중구","","중구","04623","02-2275-5015","126.997402201179","2022-11-04","신고","서울특별시","권영세 크라이밍","서울특별시 중구 서애로5길 21(필동3가)","N","인공암벽장업","서울특별시 중구 필동3가 28-19"
"서울특별시","N",263,"20220613","정상운영","2022-11-04","실내","37.6624212538561","01002",363,"인공암벽장","강북구","우이동","","01002","02-907-9226","127.009700504329","2022-11-05","신고","서울특별시","(주)비와이엔블랙야크 우이지점","서울특별시 강북구 삼양로173길 52(우이동)","N","인공암벽장업","서울특별시 강북구 우이동 181-7 광림빌딩"
"서울특별시","N",264,"20220805","정상운영","2022-11-04","없음","37.6780171005498","01606",171,"인공암벽장","노원구","상계동","노원구","01606","","127.052913505117","2022-11-04","신고","서울특별시","볼더클라이밍짐","서울특별시 노원구 동일로241길 53(상계동, 두산아파트)","N","인공암벽장업","서울특별시 노원구 상계동 1110 두산아파트"
"서울특별시","N",265,"20220610","정상운영","2022-11-04","없음","37.6566458981912","01695",186,"인공암벽장","노원구","상계동","노원구","01695","02-935-0515","127.065871190478","2022-11-04","신고","서울특별시","이창현 노원 클라이밍센터","서울특별시 노원구 상계로 98(상계동)","N","인공암벽장업","서울특별시 노원구 상계동 367-2 광복빌딩"
"대구광역시","N",266,"20220420","정상운영","2022-11-04","실내","35.8677649398679","41942",514,"인공암벽장","중구","","중구","41942","053-257-7979","128.594704100237","2022-11-04","신고","대구광역시","동성로 클라이밍짐","대구광역시 중구 동성로 10-1(동성로3가)","N","인공암벽장업","대구광역시 중구 동성로3가 105"
"충청남도","N",267,"20221103","정상운영","2022-11-04","없음","36.7876765139447","31177",222,"인공암벽장","천안시","신방동","천안시 동남구","31177","041-577-7747","127.121464742327","2022-11-04","신고","충청남도","BJ1 클라이밍","충청남도 천안시 동남구 신촌로 24(신방동)","N","인공암벽장업","충청남도 천안시 동남구 신방동 784-1 천안산업기자재유통단지"
"제주특별자치도","N",268,"19999999","정상운영","2022-11-17","실외","33.4096918414655","63028","","인공암벽장","제주시","한림리","제주시","63028","064-728-3272","126.268544091817","2022-11-17","공공","제주특별자치도","한림종합운동장 인공암벽장 ","제주특별자치도 제주시 한림읍 한림중앙로 71-9","N","인공암벽장업","제주특별자치도 제주시 한림읍 한림리 887-2"
"서울특별시","N",269,"20220527","정상운영","2022-11-11","실내","37.4851852937745","06267",1196,"인공암벽장","강남구","도곡동","강남구","06267","02-576-8821","127.035883711966","2022-11-11","신고","서울특별시","더월클라이밍(주)","서울특별시 강남구 남부순환로 2615(도곡동, 극동스타클래스)","N","인공암벽장업","서울특별시 강남구 도곡동 957-11 극동스타클래스"
"서울특별시","N",270,"20220622","정상운영","2022-11-11","실내","37.5063288679695","06125",446,"인공암벽장","강남구","역삼동","강남구","06125","","127.034023961402","2022-11-11","신고","서울특별시","비블럭클라이밍","서울특별시 강남구 논현로 563(역삼동)","N","인공암벽장업","서울특별시 강남구 역삼동 606-33"
"서울특별시","N",271,"20220621","정상운영","2022-11-11","실내","37.4977565635439","06224",360,"인공암벽장","강남구","역삼동","강남구","06224","02-552-2532","127.040978946123","2022-11-11","신고","서울특별시","클라임 이모션","서울특별시 강남구 논현로76길 27(역삼동)","N","인공암벽장업","서울특별시 강남구 역삼동 728-41 에이포스페이스"
"서울특별시","N",272,"20220615","정상운영","2022-11-11","실내","37.5258115335877","06030",196,"인공암벽장","강남구","신사동","강남구","06030","02-511-1013","127.027856553464","2022-11-11","신고","서울특별시","타잔101 클라이밍 압구정점","서울특별시 강남구 압구정로28길 11(신사동)","N","인공암벽장업","서울특별시 강남구 신사동 581-10 하피스빌딩"
"인천광역시","N",273,"20220615","정상운영","2022-11-11","실내","37.4228717303009","21617",239,"인공암벽장","남동구","서창동","남동구","21617","032-463-5015","126.749063648203","2022-11-12","신고","인천광역시","볼리클라이밍","인천광역시 남동구 서창남순환로216번길 30(서창동)","N","인공암벽장업","인천광역시 남동구 서창동 704-1 대홍프라자"
"서울특별시","N",274,"20221027","정상운영","2022-11-15","없음","37.5011601442131","08292",845,"인공암벽장","구로구","구로동","구로구","08292","02-526-8816","126.882773011925","2022-11-15","신고","서울특별시","PEAKERS","서울특별시 구로구 구로중앙로 152(구로동)","N","인공암벽장업","서울특별시 구로구 구로동 573 NC백화점"
"대구광역시","N",275,"20220604","정상운영","2022-11-03","없음","35.8705027363269","41151",475,"인공암벽장","동구","","동구","41151","053-962-5331","128.691380186449","2022-11-03","신고","대구광역시","다이노캣 클라이밍 짐","대구광역시 동구 안심로 52(율하동)","N","인공암벽장업","대구광역시 동구 율하동 1114"
"대구광역시","N",276,"20220527","정상운영","2022-11-03","없음","35.8566444804081","41856",183,"인공암벽장","서구","내당동","서구","41856","","128.553245326415","2022-11-04","신고","대구광역시","광장클라이밍센터","대구광역시 서구 달구벌대로 1719(내당동)","N","인공암벽장업","대구광역시 서구 내당동 465-4"
"울산광역시","N",277,"20220610","정상운영","2022-11-03","없음","35.555351487602","44533",469,"인공암벽장","중구","","중구","44533","","129.314993047789","2022-11-03","신고","울산광역시","구클라이밍짐","울산광역시 중구 당산길 26(우정동)","N","인공암벽장업","울산광역시 중구 우정동 252-7"
"울산광역시","N",278,"20220530","정상운영","2022-11-03","없음","35.5228582818764","44031",157,"인공암벽장","동구","","동구","44031","","129.431688846059","2022-11-04","신고","울산광역시","현대예술관 클라이밍장","울산광역시 동구 명덕로 10(서부동)","N","인공암벽장업","울산광역시 동구 서부동 110-1 현대예술관"
"서울특별시","N",279,"20220530","정상운영","2022-11-23","실내","37.5215466406887","07251",229,"인공암벽장","영등포구","영등포동6가","영등포구","07251","","126.902851854546","2023-01-12","신고","서울특별시","알레클라이밍","서울특별시 영등포구 영등포로33길 14(영등포동6가, 스위트빌)","N","인공암벽장업","서울특별시 영등포구 영등포동6가 148 스위트빌"
"전라북도","N",280,"20220613","정상운영","2022-11-23","없음","35.8163182618621","54977",210,"인공암벽장","전주시","중화산동2가","전주시 완산구","54977","","127.118935741368","2022-11-23","신고","전라북도","전주 바위오름","전라북도 전주시 완산구 중산중앙로 8(중화산동2가)","N","인공암벽장업","전라북도 전주시 완산구 중화산동2가 616-3"
"서울특별시","N",281,"20220715","정상운영","2022-12-14","없음","37.5794283422818","03925",306,"인공암벽장","마포구","상암동","마포구","03925","02-2068-4765","126.889782954548","2022-12-14","신고","서울특별시","코알라클라이밍","서울특별시 마포구 월드컵북로 396(상암동)","N","인공암벽장업","서울특별시 마포구 상암동 1605 누리꿈스퀘어"
"서울특별시","N",282,"20220706","정상운영","2022-12-14","없음","37.5597217143411","03986",210,"인공암벽장","마포구","성산동","마포구","03986","02-332-5015","126.917400127088","2022-12-14","신고","서울특별시","홍대클라이밍","서울특별시 마포구 동교로23길 105(성산동)","N","인공암벽장업","서울특별시 마포구 성산동 630-10"
"서울특별시","N",283,"20220610","정상운영","2022-12-14","없음","37.5547493986687","04032",0,"인공암벽장","마포구","","마포구","04032","02-332-5014","126.920309389675","2022-12-14","신고","서울특별시","더월클라이밍홍대점","서울특별시 마포구 양화로 125(서교동)","N","인공암벽장업","서울특별시 마포구 서교동 353-5 경남관광빌딩"
"서울특별시","N",284,"20220530","정상운영","2022-12-14","없음","37.5576684824211","04051",1026,"인공암벽장","마포구","","마포구","04051","02-2088-5071","126.92589313527","2022-12-14","신고","서울특별시","더월클라이밍(주)연남점","서울특별시 마포구 양화로 186(동교동)","N","인공암벽장업","서울특별시 마포구 동교동 167-2 LC TOWER"
"서울특별시","N",285,"20220405","정상운영","2022-12-14","없음","37.5544056031357","04039",628,"인공암벽장","마포구","서교동","마포구","04039","02-332-7738","126.921965798065","2022-12-14","신고","서울특별시","(주)볼더프렌즈","서울특별시 마포구 홍익로 25(서교동)","N","인공암벽장업","서울특별시 마포구 서교동 356-1"
"강원도","N",286,"20220616","정상운영","2022-12-27","실내","0","26487",225,"인공암벽장","원주시","","원주시","26487","","0","2022-12-27","신고","강원도","조이클럽 클라이밍","강원도 원주시 나비허리길 33(단구동)","N","인공암벽장업","강원도 원주시 단구동 1607-9"
"강원도","N",287,"20220513","폐업","2022-12-27","없음","37.3335120649582","26392",394,"인공암벽장","원주시","무실동","원주시","26392","","127.929707699037","2022-12-28","신고","강원도","닌자 클라이밍","강원도 원주시 능라동길 72(무실동)","N","인공암벽장업","강원도 원주시 무실동 1850-6"
"서울특별시","N",288,"20221217","정상운영","2022-12-23","없음","0","07297",1867,"인공암벽장","영등포구","","영등포구","07297","","0","2022-12-23","신고","서울특별시","서울숲클라이밍 영등포점","서울특별시 영등포구 문래로 164(문래동3가)","N","인공암벽장업","서울특별시 영등포구 문래동3가 55-16 영등포 SK 리더스뷰"
"서울특별시","N",289,"20221124","정상운영","2022-12-22","실내","37.4975931910405","06234",1153,"인공암벽장","강남구","역삼동","강남구","06234","","127.032001186611","2022-12-22","신고","서울특별시","더월클라이밍(주)강남비지점","서울특별시 강남구 테헤란로8길 21(역삼동)","Y","인공암벽장업","서울특별시 강남구 역삼동 823-14"
"부산광역시","N",290,"20220621","정상운영","2022-12-29","없음","0","46516",160,"인공암벽장","북구","","북구","46516","","0","2022-12-29","신고","부산광역시","화명 자바클라이밍센터","부산광역시 북구 양달로 40(화명동)","Y","인공암벽장업","부산광역시 북구 화명동 263-5"
"부산광역시","N",291,"20220608","정상운영","2022-12-29","없음","0","46524",278,"인공암벽장","북구","","북구","46524","051-361-4443","0","2022-12-29","신고","부산광역시","SO클라이밍짐","부산광역시 북구 금곡대로303번길 61(화명동)","Y","인공암벽장업","부산광역시 북구 화명동 2271-2 새론타워"
"부산광역시","N",292,"20220513","정상운영","2022-12-29","없음","35.2135057731367","46552",226,"인공암벽장","북구","덕천동","북구","46552","051-331-8382","129.010084132877","2022-12-29","신고","부산광역시","락 클라이밍","부산광역시 북구 의성로 79(덕천동)","Y","인공암벽장업","부산광역시 북구 덕천동 337-1"
"경상남도","N",293,"20221213","정상운영","2022-12-16","실내","35.2293396295983","50938",313,"인공암벽장","김해시","외동","김해시","50938","","128.872242572055","2022-12-20","신고","경상남도","홀드야미","경상남도 김해시 김해대로 2232(외동)","N","인공암벽장업","경상남도 김해시 외동 1264"
"경기도","N",294,"20220804","정상운영","2022-12-26","없음","37.6509174810735","10414",1397,"인공암벽장","고양시","마두동","고양시","10414","031-905-5014","126.778893109192","2022-12-26","신고","경기도","더월클라이밍(주) 일산지점","경기도 고양시 일산동구 중앙로 1160(마두동)","Y","인공암벽장업","경기도 고양시 일산동구 마두동 805-1"
"강원도","N",295,"20220610","정상운영","2023-01-09","없음","0","26015",0,"인공암벽장","태백시","","태백시","26015","033-562-8617","0","2023-01-10","신고","강원도","태백클라이밍센터","강원도 태백시 황지로 99(황지동)","Y","인공암벽장업","강원도 태백시 황지동 58-12"
"경기도","N",296,"20220609","정상운영","2022-12-13","없음","36.9632369171211","17990",245,"인공암벽장","평택시","남산리","평택시","17990","031-656-0413","127.064297584222","2022-12-13","신고","경기도","힐앤토클라이밍","경기도 평택시 팽성읍 송화택지로 139","N","인공암벽장업","경기도 평택시 팽성읍 남산리 98-68"
"경기도","N",297,"20220713","정상운영","2023-01-04","없음","37.4433650622925","13248",245,"인공암벽장","성남시","","성남시","13248","","127.154589757858","2023-01-13","신고","경기도","락페이스클라이밍","경기도 성남시 중원구 산성대로 340-1(중앙동)","N","인공암벽장업","경기도 성남시 중원구 중앙동 208"