row_num,faci_stat_nm,ftype_nm,cpb_nm,addr_emd_nm,cp_nm,faci_nm,faci_road_addr,faci_addr
1,정상운영,수영장,노원구,중계동,서울특별시,타잔 B&G 어린이 수영장,"서울특별시 노원구 중계로 230 (중계동, 중계5단지주공아파트)",서울특별시 노원구 중계동 359-1 중계5단지주공아파트
2,정상운영,수영장,달서구,장기동,대구광역시,달서아트센터수영장,대구광역시 달서구 문화회관길 160(장기동),대구광역시 달서구 장기동 722-1 달서아트센터
3,정상운영,수영장,남동구,고잔동,인천광역시,남동수영장,인천광역시 남동구 논현고잔로 173(고잔동),인천광역시 남동구 고잔동 975-1
4,폐업,수영장,용인시,보정동,경기도,돌고래스포츠,경기도 용인시 기흥구 이현로30번길 17-3 (보정동),경기도 용인시 기흥구 보정동 465-4 자람유치원
5,정상운영,수영장,광명시,소하동,경기도,여성비전센터수영장,경기도 광명시 오리로366번길 6(소하동),경기도 광명시 소하동 1267 광명시여성비전센터
6,정상운영,수영장,,장위동,서울특별시,성북청소년센터수영장,서울특별시 성북구 한천로 660-9(장위동),서울특별시 성북구 장위동 135-2 성북청소년수련관
7,정상운영,수영장,강북구,수유동,서울특별시,삼각산문화예술회관수영장(구.강북구민회관수영장),서울특별시 강북구 삼각산로 85 (수유동),서울특별시 강북구 수유동 360-10 강북문화예술회관
8,정상운영,수영장,서구,치평동,광주광역시,(취약시설)일가정양립지원본부 실내수영장,광주광역시 서구 상무자유로 73(치평동),광주광역시 서구 치평동 1162 광주여성발전센터
9,정상운영,수영장,부천시,괴안동,경기도,아쿠아마린키즈스윔(소사점),"경기도 부천시 범안로 54, 그린홈프라자 지층 101호 (괴안동)",경기도 부천시 괴안동 86-4 그린홈프라자 
10,정상운영,수영장,청양군,송방리,충청남도,청양국민체육센터수영장,충청남도 청양군 청양읍 충절로 1204,충청남도 청양군 청양읍 송방리 371 체육관
11,정상운영,수영장,창원시,중리,경상남도,내서스포츠센터수영장,경상남도 창원시 마산회원구 내서읍 호원로 177,경상남도 창원시 마산회원구 내서읍 중리 391-3 내서 스포츠센터
12,정상운영,수영장,홍천군,,강원도,인피니티풀,서면 한치골길 262,강원 홍천군 서면 한치골길 262
13,정상운영,수영장,춘천시,,강원도,엘레시안강촌수영장,춘천시 남산면 서백길 506,강원 춘천시 남산면 서백길 506
14,정상운영,수영장,진도군,초사리,전라남도,쏠비치 호텔앤 리조트 진도 인피니터풀,전라남도 진도군 의신면 송군길 30-40,전라남도 진도군 의신면 초사리 1204
15,정상운영,수영장,영암군,,전라남도,삼락정 랜드,영암군 학산면 학계길 93,
16,정상운영,수영장,수성구,,대구광역시,(주)씨유컴퍼니 아쿠아키즈(범어),대구광역시 수성구 달구벌대로 2491 (범어동),
17,정상운영,수영장,김포시,걸포동,경기도,아이리버 수영장,경기도 김포시 걸포로 152-20(걸포동),경기도 김포시 걸포동 4-52
18,정상운영,수영장,,수유동,서울특별시,강북청소년센터 수영장,서울특별시 강북구 4.19로 74(수유동),서울특별시 강북구 수유동 535-380 시립강북청소년센터
19,정상운영,수영장,서귀포시,동홍동,제주특별자치도,서귀포 홍리 실내수영장,제주특별자치도 서귀포시 지장샘로182번길 149 (동홍동),제주특별자치도 서귀포시 동홍동 1780-1
20,정상운영,수영장,수원시,하동,경기도,오션서퍼 광교점,경기도 수원시 영통구 광교중앙로248번길 7-2 (하동),경기도 수원시 영통구 하동 989 원희캐슬 광교
21,정상운영,수영장,영월군,하송리,강원도,영월국민체육센터,강원도 영월군 영월읍 제방안길 100,강원도 영월군 영월읍 하송리 56 영월스포츠파크
22,정상운영,수영장,용인시,죽전동,경기도,(주)아이풀 죽전점,경기도 용인시 수지구 현암로 131 (죽전동),경기도 용인시 수지구 죽전동 1178-3 C.H리베로II
23,정상운영,수영장,,청량리동,서울특별시,동대문청소년센터,서울특별시 동대문구 제기로33길 25(청량리동),"서울특별시 동대문구 청량리동 11-1 동대문노인종합복지관, 청소년수련관"
24,정상운영,수영장,,구로동,서울특별시,구로청소년센터수영장,서울특별시 구로구 구로동로 141(구로동),"서울특별시 구로구 구로동 704-12 구로청소년수련관, 구로2동주민센터"
25,정상운영,수영장,화성시,능동,경기도,(주)아이풀 동탄점,경기도 화성시 10용사로 349-7 (능동),경기도 화성시 능동 1152-2
26,정상운영,수영장,,목동,서울특별시,목동청소년센터,서울특별시 양천구 목동서로 143(목동),서울특별시 양천구 목동 918 시립목동청소년센터
27,정상운영,수영장,부안군,동중리,전라북도,부안국민체육센터,전라북도 부안군 부안읍 석정로 165,전라북도 부안군 부안읍 동중리 99-8 부안군민체육센터
28,정상운영,수영장,창원시,양덕동,경상남도,올림픽기념관,경상남도 창원시 마산회원구 삼호로 63(양덕동),경상남도 창원시 마산회원구 양덕동 477 마산종합운동장
29,정상운영,수영장,철원군,,강원도,플레이미 금학산 수영장,강원도 철원군 동송읍 이평로111번길 28-1,강원도 철원군 동송읍 이평리 861-148 청강수영사우나
30,정상운영,수영장,서구,,대전광역시,도마실 국민체육센터,"대전광역시 서구 유등로 235 (도마동, 도마실국민체육센터)",대전광역시 서구 도마동 567 
31,정상운영,수영장,의정부시,자일동,경기도,투엔디,경기도 의정부시 호국로 1984 (자일동),경기도 의정부시 자일동 98-18
32,정상운영,수영장,거제시,농소리,경상남도,한화리조트거제벨버디어 수영장,경상남도 거제시 장목면 거제북로 2501-40,경상남도 거제시 장목면 농소리 25 한화리조트 거제 벨버디어
33,정상운영,수영장,해운대구,반여동,부산광역시,The 스포츠센터,"부산광역시 해운대구 선수촌로 122 (반여동, 아시아선수촌아파트)",부산광역시 해운대구 반여동 1638 아시아선수촌아파트
34,정상운영,수영장,수원시,신동,경기도,(주)노블,경기도 수원시 영통구 권선로908번길 47 (신동),경기도 수원시 영통구 신동 937-4
35,정상운영,수영장,봉화군,해저리,경상북도,봉화국민체육센터 수영장,경상북도 봉화군 봉화읍 봉화로 1111-105,경상북도 봉화군 봉화읍 해저리 산4-7 봉화국민체육센터
36,정상운영,수영장,서구,정림동,대전광역시,서구국민체육센터(수영장),대전광역시 서구 정림서로 181(정림동),대전광역시 서구 정림동 402-2 서구국민체육센터
37,정상운영,수영장,구미시,,경상북도,올림픽기념국민생활관수영장,원평동 964-451,경북 구미시 원평동 964-451
38,폐업,수영장,광양시,중동,전라남도,광양청소년수련관수영장,전라남도 광양시 광장로 14 (중동),
39,폐업,수영장,제주시,,제주특별자치도,미래수영장,제주시 구남로 55 (이도이동),제주특별자치도 제주시 구남로 55
40,정상운영,수영장,성남시,,경기도,키즈스플래쉬,"성남시 분당구 대왕판교로 660, 지하1층 125-1호 (삼평동, 유스페이스1)",경기 성남시 분당구 대왕판교로 660
41,정상운영,수영장,구미시,노상리,경상북도,구미시 선산청소년수련관,경상북도 구미시 선산읍 단계동길 270,경상북도 구미시 선산읍 노상리 333-2 구미 청소년 수련관
42,,수영장,부천시,,경기도,파라디스포츠,부천시 오정구 고리울로 9(고강동 369번지),
43,정상운영,수영장,수원시,,경기도,광교웰빙국민체육센터,경기도 수원시 영통구 웰빙타운로 71 (이의동),경기도 수원시 영통구 이의동 1183 광교웰빙국민체육센터
44,정상운영,수영장,안양시,안양동,경기도,(주)원하비 밸런스 스위밍 랩,경기도 안양시 만안구 안양로329번길 108(안양동),경기도 안양시 만안구 안양동 900-10 안양월드
45,,수영장,안양시,석수동,경기도,(주)안양워터랜드,"경기도 안양시 만안구 예술공원로 153-32, 패미리월드G7 1층로비 지하2,3층 (석수동)",경기도 안양시 만안구 석수동 825-1 패미리월드G7 
46,정상운영,수영장,춘천시,퇴계동,강원도,케이에스씨수상안전교육센터(주),강원도 춘천시 솟발1길 4-33 (퇴계동),강원도 춘천시 퇴계동 493-18
47,정상운영,수영장,밀양시,,경상남도,밀양스포츠센터 수영장,밀양시 교동 1121-3,경남 밀양시 교동 1121-3
48,정상운영,수영장,화성시,,경기도,하비엘럭스,경기도 화성시 동탄순환대로 253 (산척동),경기도 화성시 산척동 724-2
49,정상운영,수영장,춘천시,,강원도,KSC키즈수상안전교육센터,강원도 춘천시 후석로 312 (후평동),강원도 춘천시 후평동 67-72 지하1층 
50,정상운영,수영장,김천시,삼락동,경상북도,김천실내수영장,경상북도 김천시 운동장길 1 (삼락동),경상북도 김천시 삼락동  488-1 김천종합스포츠타운
51,폐업,수영장,광양시,마동,전라남도,커뮤니티센터수영장,전라남도 광양시 중마로 410 (마동),
52,정상운영,수영장,남구,,인천광역시,미추홀구 국민체육센터,인천광역시 미추홀구 경인로42번길 57 (숭의동),인천광역시 미추홀구 숭의동 131-55 미추홀구 국민체육센터
53,정상운영,수영장,제주시,연동,제주특별자치도,제이풀,제주특별자치도 제주시 연화남길 22 (연동),제주특별자치도 제주시 연동 1382
54,정상운영,수영장,보은군,이평리,충청북도,보은국민체육센터,충청북도 보은군 보은읍 군청길 38-1,충청북도 보은군 보은읍 이평리 45-6 국민체육센타
55,정상운영,수영장,군산시,산월리,전라북도,대야국민체육센터수영장,전라북도 군산시 대야면 석화로 63-15,전라북도 군산시 대야면 산월리 795-1 군산국민체육센터
56,정상운영,수영장,양산시,석산리,경상남도,(수영장-02) 양산주민편익시설,경상남도 양산시 동면 강변로 264-1,경상남도 양산시 동면 석산리 652 주민편익시설
57,정상운영,수영장,송파구,잠실동,서울특별시,롯데호텔 실내수영장,서울특별시 송파구 올림픽로 240 (잠실동),
58,정상운영,수영장,서구,마전동,인천광역시,ATS스포츠센터-판다수영아카데미 검단점,인천광역시 서구 완정로34번길 57-21(마전동),인천광역시 서구 마전동 1005-6 올댓스윔
59,정상운영,수영장,나주시,빛가람동,전라남도,스피드인 스윔,"전라남도 나주시 빛가람로 838, 1층 (빛가람동)",전라남도 나주시 빛가람동 904 
60,정상운영,수영장,마포구,성산동,서울특별시,월드컵스파랜드24 수영장,서울특별시 마포구 월드컵로 240 (성산동),
61,정상운영,수영장,보령시,옥동리,충청남도,보령국민체육센터수영장,충청남도 보령시 남포면 보령남로 347,충청남도 보령시 남포면 옥동리 331-11
62,정상운영,수영장,동래구,,부산광역시,(주)케이비스포츠인재교육원,부산광역시 동래구 미남로 52(사직동),부산광역시 동래구 사직동 151-8 여고 플래티넘
63,정상운영,수영장,동구,효목동,대구광역시,아양아트센터실내수영장,대구광역시 동구 효동로2길 24 (효목동),대구광역시 동구 효목동  1084 아양아트센터
64,정상운영,수영장,사천시,,경상남도,(주)아빌라 더 오아시스,경상남도 사천시 해안관광로 68-20 (실안동),경상남도 사천시 실안동 962
65,정상운영,수영장,청주시,,충청북도,아쿠아펠리스 수영장,충청북도 청주시 서원구 예체로 23 (개신동),충청북도 청주시 서원구 개신동 436-4 개신동 상원빌딩
66,정상운영,수영장,안성시,,경기도,아쿠아필드,경기도 안성시 공도읍 서동대로 3930-39,경기도 안성시 공도읍 진사리 354 스타필드 안성
67,정상운영,수영장,남구,주월동,광주광역시,(주)어반수영장봉선점,광주광역시 남구 봉선로52번길 14(주월동),광주광역시 남구 주월동 1135-1
68,정상운영,수영장,세종시,명리,세종특별자치시,세종국민체육센터수영장,세종특별자치시 조치원읍 새내8길 115,세종특별자치시 조치원읍 명리 24-1 세종국민체육센터
69,정상운영,수영장,서구,치평동,광주광역시,제이에이치관광개발(주)(홀리데인광주호텔),광주광역시 서구 상무누리로 55 (치평동),광주광역시 서구 치평동 573-1 Holiday In Gwangju 호텔
70,정상운영,수영장,연수구,선학동,인천광역시,올림피아스포츠,"인천광역시 연수구 선학로 101 (선학동, 뉴서울1차아파트)",인천광역시 연수구 선학동 352 뉴서울1차아파트
71,정상운영,수영장,연수구,송도동,인천광역시,(주)송도아쿠아틱센터,"인천광역시 연수구 송도과학로27번길 15 (송도동, 송도아메리칸타운아이파크)",인천광역시 연수구 송도동 155 송도아메리칸타운아이파크
72,정상운영,수영장,시흥시,은행동,경기도,노블스위밍랩 by 키즈라이프,경기도 시흥시 은계남길 50 (은행동),경기도 시흥시 은행동 671-3 대화기공 주식회사
73,정상운영,수영장,용인시,상현동,경기도,(주)아이풀 수지점,경기도 용인시 수지구 수지로78번길 8 (상현동),경기도 용인시 수지구 상현동 99 벽산블루밍아파트
74,정상운영,수영장,안성시,,경기도,삼성어린이수영장,경기도 안성시 공도읍 정봉길 109,경기도 안성시 공도읍 양기리 521-32 
75,정상운영,수영장,고양시,,경기도,일산 산들 수영장,경기도 고양시 일산서구 고양대로 719-7 (일산동),경기도 고양시 일산서구 일산동 1681-4 
76,정상운영,수영장,중구,중산동,인천광역시,SD수영장,인천광역시 중구 하늘중앙로195번길 21(중산동),인천광역시 중구 중산동 1883-10
77,정상운영,수영장,춘천시,석사동,강원도,국민체육센터수영장,강원도 춘천시 우석로 102-3 (석사동),강원도 춘천시 석사동 산29-3
78,정상운영,수영장,속초시,조양동,강원도,속초국민체육센터,강원도 속초시 조양로 89 (조양동),강원도 속초시 조양동 1083 속초시도서체육센터
79,정상운영,수영장,고성군,송포리,강원도,국민체육센터(수영장),강원도 고성군 거진읍 자산천로 236,강원도 고성군 거진읍 송포리 634-1 고성국민체육센터
80,정상운영,수영장,청주시,학평리,충청북도,내수국민체육센터,충청북도 청주시 청원구 내수읍 청암로 91-4,충청북도 청주시 청원구 내수읍 학평리 141-28
81,폐업,수영장,충주시,봉방동,충청북도,충주수영장,충청북도 충주시 국원대로 35(봉방동),충청북도 충주시 봉방동 11-1
82,정상운영,수영장,군포시,,경기도,스포츠그린힐 수영장,군포시 산본로276(금정동),경기 군포시 산본로 276
83,,수영장,보은군,,충청북도,서당골관광농원수영장,보은군 마로면 임곡길 66-80,충북 보은군 마로면 임곡길 66-80
84,정상운영,수영장,화순군,신기리,전라남도,군민종합문화센터수영장,전라남도 화순군 화순읍 광덕로 231,
85,정상운영,수영장,창원시,도계동,경상남도,의창스포츠센터수영장,경상남도 창원시 의창구 원이대로56번길 11(도계동),경상남도 창원시 의창구 도계동 467 서부스포츠센터
86,정상운영,수영장,창원시,월영동,경상남도,마산합포스포츠센터수영장,경상남도 창원시 마산합포구 드림베이대로 56(월영동),경상남도 창원시 마산합포구 월영동 721 마산종합스포츠센터
87,정상운영,수영장,천안시,신부동,충청남도,유탑 주식회사(오션수영장),충청남도 천안시 동남구 단대1로 14 (신부동),충청남도 천안시 동남구 신부동 305-6
88,정상운영,수영장,평택시,비전동,경기도,헬로키즈풀,경기도 평택시 평택1로 48 (비전동),
89,정상운영,수영장,남원시,,전라북도,남원국민체육센터 수영장,전라북도 남원시 용성로 49 (동충동),전라북도 남원시 동충동 171-2 남원교육문화회관
90,정상운영,수영장,서귀포시,,제주특별자치도,(주)부영주택 제주부영호텔&리조트,서귀포시 중문관광로222,제주특별자치도 서귀포시 중문관광로 222
91,폐업,수영장,수원시,,경기도,수원청소년문화센터,경기도 수원시  팔달구 인계동 334-1번지,경기도 수원시  팔달구 인계동 334-1번지
92,정상운영,수영장,영암군,,전라남도,현대한마음회관 수영장,영암군 삼호읍 신항로 63-12,
93,정상운영,수영장,,갈산동,인천광역시,여성문화회관 수영장,인천광역시 부평구 길주로 539 (갈산동),
94,정상운영,수영장,여수시,,전라남도,바른수영,전라남도 여수시 여문1로 43-9 (여서동),전라남도 여수시 여서동 229-4
95,정상운영,수영장,북구,송정동,울산광역시,코리아 스포츠 그룹,울산광역시 북구 지당1길 29 (송정동),울산광역시 북구 송정동 772-1
96,정상운영,수영장,화성시,조암리,경기도,화성남부국민체육센터,경기도 화성시 우정읍 쌍봉로 93,경기도 화성시 우정읍 조암리 385-9
97,정상운영,수영장,진천군,교성리,충청북도,진천국민체육센터,충청북도 진천군 진천읍 문화로 69-11,충청북도 진천군 진천읍 교성리 74 진천국민체육센터
98,정상운영,수영장,양산시,주진동,경상남도,(수영장-03) 웅상문화체육센터,경상남도 양산시 모래들길 57-57(주진동),경상남도 양산시 주진동 72-6
99,정상운영,수영장,양산시,가촌리,경상남도,(수영장-04) 양산반다비체육센터,경상남도 양산시 물금읍 부산대학로 34,경상남도 양산시 물금읍 가촌리 1312-4 반다비 체육센터
100,정상운영,수영장,양산시,가촌리,경상남도,(수영장-01) 양산국민체육센터,경상남도 양산시 물금읍 청룡로 33,경상남도 양산시 물금읍 가촌리 990 국민체육센터
101,정상운영,수영장,양산시,석계리,경상남도,(수영장-05) 천성산국민체육센터,경상남도 양산시 상북면 삼계동길 25,경상남도 양산시 상북면 석계리 35-1
102,정상운영,수영장,창원시,양덕동,경상남도,블루몽 스윔,경상남도 창원시 마산회원구 팔용로 2(양덕동),경상남도 창원시 마산회원구 양덕동 51-5 신동학원
103,정상운영,수영장,서대문구,북가좌동,서울특별시,키즈 돌핀 아카데미,"서울특별시 서대문구 수색로 102 (북가좌동, DMC요진아파트)",서울특별시 서대문구 북가좌동 150 DMC요진아파트
104,정상운영,수영장,군포시,산본동,경기도,한숲스포츠수영센터,경기도 군포시 산본천로 43-6(산본동),경기도 군포시 산본동 1146 한숲 스포츠센타
105,정상운영,수영장,수원시,,경기도,장안구민회관푸르내수영장,조원동 888,경기 수원시 장안구 조원동 888
106,정상운영,수영장,구로구,신도림동,서울특별시,신도림생활체육관수영장,서울특별시 구로구 경인로67길 149 (신도림동),서울특별시 구로구 신도림동 324-4 신도림생활체육관
107,정상운영,수영장,제주시,,제주특별자치도,라온 아쿠아풀,제주시 한림읍 금능남로157,제주시 한림읍 금능남로157
108,정상운영,수영장,수원시,,경기도,(주)아이풀 권선점,수원시 권선구 동수원로 218-39 (권선동),경기 수원시 권선구 동수원로 218-39
109,정상운영,수영장,고양시,행신동,경기도,몬스터키즈풀,경기도 고양시 덕양구 중앙로 547 (행신동),경기도 고양시 덕양구 행신동 995-2
110,정상운영,수영장,오산시,오산동,경기도,오산스포츠센터수영장,경기도 오산시 경기동로 33 (오산동),경기도 오산시 오산동 40 오산스포츠센터
111,정상운영,수영장,김천시,,경상북도,대한키즈스윔스쿨 김천캠퍼스,경상북도 김천시 혁신3로 36(율곡동),경상북도 김천시 율곡동 801
112,정상운영,수영장,의정부시,,경기도,천보산 물사랑 수영장,경기도 의정부시 천보로 68(민락동),경기도 의정부시 민락동 805
113,폐업,수영장,수원시,,경기도,영통종합사회복지관,수원시 영통구 반달로 45 (영통동),경기 수원시 영통구 반달로 45
114,정상운영,수영장,고양시,원흥동,경기도,대한키즈 스윔스쿨 삼송캠퍼스,"경기도 고양시 덕양구 원흥1로 46-12 (원흥동, 삼송3차 아이파크)",경기도 고양시 덕양구 원흥동 619 삼송3차 아이파크
115,정상운영,수영장,경주시,용강동,경상북도,조이스포츠클럽,경상북도 경주시 다불로 141(용강동),경상북도 경주시 용강동 94-1
116,정상운영,수영장,안양시,,경기도,오렌지스포츠센터,"안양시 동안구 학의로 126, 지하8호 (관양동, 한양상가)",경기 안양시 동안구 학의로 126
117,정상운영,수영장,연수구,,인천광역시,블루라군,"인천광역시 연수구 새말로 111, 지1층 (연수동, 영남아파트)",인천광역시 연수구 연수동 577 영남아파트 
118,정상운영,수영장,영암군,,전라남도,라한호텔 목포 실내수영장, 영암군 삼호읍 대불로 91,
119,정상운영,수영장,문경시,모전동,경상북도,문경시국민체육센터,경상북도 문경시 점고길 30 (모전동),경상북도 문경시 모전동  498
120,정상운영,수영장,의성군,노연리,경상북도,의성국민체육센터,경상북도 의성군 단북면 안계길 251,경상북도 의성군 단북면 노연리 1114 의성국민체육센터
121,정상운영,수영장,창원시,,경상남도,곰두리국민체육센터수영장,경상남도 창원시 의창구 원이대로114번길 6 (도계동),경상남도 창원시 의창구 도계동 470
122,정상운영,수영장,창원시,청안동,경상남도,용원국민체육센터,경상남도 창원시 진해구 안청로 95 (청안동),경상남도 창원시 진해구 청안동 319-5
123,정상운영,수영장,남해군,북변리,경상남도,남해국민체육센터실내수영장,경상남도 남해군 남해읍 화전로78번길 26,경상남도 남해군 남해읍 북변리 79-1 남해국민체육센터
124,정상운영,수영장,함양군,백연리,경상남도,함양국민체육센터,경상남도 함양군 함양읍 삼휴길 60-40,경상남도 함양군 함양읍 백연리 636
125,정상운영,수영장,서구,원당동,인천광역시,발리마린 어린이 수영장,인천광역시 서구 이음5로 34(원당동),인천광역시 서구 원당동 1040-4 제일프라자
126,정상운영,수영장,진천군,사곡리,충청북도,진천실내수영장,충청북도 진천군 이월면 부영길 22,충청북도 진천군 이월면 사곡리 604
127,정상운영,수영장,동구,송림동,인천광역시,동구문화체육센터 수영장,인천광역시 동구 송림로110번길 5-8(송림동),인천광역시 동구 송림동 125-24 동구 문화체육센터
128,정상운영,수영장,강화군,국화리,인천광역시,강화국민체육센터,인천광역시 강화군 강화읍 강화대로 591,인천광역시 강화군 강화읍 국화리 46-6 강화국민체육센터
129,정상운영,수영장,대덕구,목상동,대전광역시,대덕국민체육센터수영장,대전광역시 대덕구 대덕대로1486번길 101 (목상동),대전광역시 대덕구 목상동 871
130,정상운영,수영장,진안군,군상리,전라북도,국민체육센터수영장,전라북도 진안군 진안읍 우화2길 47-9,전라북도 진안군 진안읍 군상리 339-16 군민체육센터
131,정상운영,수영장,임실군,이도리,전라북도,임실국민체육센터,전라북도 임실군 임실읍 호국로 1628,전라북도 임실군 임실읍 이도리 504 임실국민체육센터
132,정상운영,수영장,여수시,시전동,전라남도,망마국민체육센터,전라남도 여수시 여천체육공원길 49 (시전동),전라남도 여수시 시전동  109 망마경기장
133,정상운영,수영장,구례군,봉북리,전라남도,구례군민체육센터수영장,전라남도 구례군 구례읍 서시천로 106,전라남도 구례군 구례읍 봉북리 1423-1 구례군민 체육센터
134,정상운영,수영장,장흥군,충열리,전라남도,장흥국민체육센터수영장,전라남도 장흥군 장흥읍 흥성로 43,전라남도 장흥군 장흥읍 건산리 318-2 장흥국민체육센터
135,정상운영,수영장,해남군,해리,전라남도,우슬국민체육센터수영장,전라남도 해남군 해남읍 해남로 72,전라남도 해남군 해남읍 해리 2
136,정상운영,수영장,장성군,기산리,전라남도,장성실내수영장,전라남도 장성군 장성읍 문화로 81,전라남도 장성군 장성읍 기산리 135-1
137,정상운영,수영장,수성구,만촌동,대구광역시,Starfish swim school,대구광역시 수성구 달구벌대로 2579 (만촌동),대구광역시 수성구 만촌동 1037-5
138,정상운영,수영장,창원시,,경상남도,(주)풀런키즈스윔,경상남도 창원시 성산구 원이대로589번길 14 (용호동),경상남도 창원시 성산구 용호동 73-54 동남빌딩
139,정상운영,수영장,남동구,서창동,인천광역시,키즈 앤 쿠아(KIDS & QUA),인천광역시 남동구 서창남로 69 (서창동),
140,정상운영,수영장,고양시,마두동,경기도,몬스터 키즈 풀,경기도 고양시 일산동구 강촌로 195 (마두동),경기도 고양시 일산동구 마두동 734 백마마을4단지
141,정상운영,수영장,강릉시,사천진리,강원도,컨피네스 오션스위트 인피니티 풀,강원도 강릉시 사천면 진리항구2길 5,강원도 강릉시 사천면 사천진리 86-81
142,정상운영,수영장,청주시,산남동,충청북도,아쿠아B&K빌리지,충청북도 청주시 서원구 원흥로 11-11 (산남동),충청북도 청주시 서원구 산남동  51-1
143,정상운영,수영장,청주시,율량동,충청북도,(주)아쿠아비앤케이,충청북도 청주시 청원구 율중로29번길 50 (율량동),충청북도 청주시 청원구 율량동 2330
144,정상운영,수영장,이천시,,경기도,(주)바이오피드백,이천시 중리천로115번길 45 (안흥동),
145,정상운영,수영장,양평군,,경기도,경기도평생교육진흥원 양평지점,경기도 양평군 용문면 연수로 209,경기도 양평군 용문면 다문리 산25
146,,수영장,양주시,,경기도,양주시청소년수련관수영장,양주시 평화로1475번길 623 (덕계동),경기 양주시 평화로1475번길 623
147,정상운영,수영장,남양주시,,경기도,(주)케이앤디스포츠 남양주점,경기도 남양주시 와부읍 수레로 88-17,경기도 남양주시 와부읍 덕소리 251-4 동부프라자
148,정상운영,수영장,파주시,,경기도,스팀 수영장,파주시 시청로 231,경기 파주시 시청로 231
149,정상운영,수영장,청주시,방서동,충청북도,충북체육회관,충청북도 청주시 상당구 단재로317번길 59-9 (방서동),충청북도 청주시 상당구 방서동  38-7 충청북도체육회관
150,정상운영,수영장,화성시,능동,경기도,(주)키즈피아,경기도 화성시 여울로 178-4 (능동),경기도 화성시 능동 1089
151,정상운영,수영장,오산시,원동,경기도,원동초스포츠센터 수영장,경기도 오산시 오산로 92 (원동),경기도 오산시 원동 805 원동초등학교
152,정상운영,수영장,북구,양산동,광주광역시,주식회사 어반어린이스위밍랩,광주광역시 북구 연양로67번길 21 (양산동),광주광역시 북구 양산동 938
153,정상운영,수영장,천안시,매주리,충청남도,북부스포츠센터,충청남도 천안시 서북구 성환읍 성환1로 45,충청남도 천안시 서북구 성환읍 매주리 393-10 북부스포츠센터
154,정상운영,수영장,전주시,풍남동3가,전라북도,주식회사 라한호텔 전주,전라북도 전주시 완산구 기린대로 85(풍남동3가),전라북도 전주시 완산구 풍남동3가 26-5 라한호텔 전주
155,정상운영,수영장,광산구,운남동,광주광역시,스위밍키즈 운남점,광주광역시 광산구 목련로153번길 56(운남동),광주광역시 광산구 운남동 794-3 운남주공7단지아파트
156,정상운영,수영장,영광군,,전라남도,한빛스포츠센터,전라남도 영광군 홍농읍 홍농로 546,전라남도 영광군 홍농읍 상하리 1373-7
157,정상운영,수영장,음성군,동성리,충청북도,맹동혁신 국민체육센터(수영장),충청북도 음성군 맹동면 학예로 14,충청북도 음성군 맹동면 동성리 486
158,정상운영,수영장,시흥시,은행동,경기도,은계어울림센터1 수영장,경기도 시흥시 은계로 240(은행동),경기도 시흥시 은행동 611-5 은계1어울림센터
159,정상운영,수영장,남구,,인천광역시,에이스스포츠센터,인천광역시 남구 경인로 434 (주안동),인천광역시 남구 주안동 300-3 제일빌딩
160,정상운영,수영장,화성시,,경기도,수영장(화성국민체육센터),화성시 봉담읍 동화리 406-1,화성시 봉담읍 동화리 406-1
161,정상운영,수영장,성남시,성남동,경기도,성남종합스포츠센터 수영장,경기도 성남시 중원구 제일로 60 (성남동),
162,폐업,수영장,서구,평리동,대구광역시,코오롱글로벌(주)스포렉스 대구점,대구광역시 서구 국채보상로55길 21 (평리동),
163,정상운영,수영장,남구,봉선동,광주광역시,아쿠아 스플래쉬 봉선점,"광주광역시 남구 봉선로 127 (봉선동, 솔뫼 REX-K1)",
164,정상운영,수영장,안양시,비산동,경기도,마린크루,경기도 안양시 동안구 경수대로 915 (비산동),
165,정상운영,수영장,강남구,자곡동,서울특별시,플레이오션(26),서울특별시 강남구 자곡로 106 (자곡동),서울특별시 강남구 자곡동  633 S-플라자
166,폐업,수영장,파주시,마장리,경기도,파주힐링캠프,경기도 파주시 광탄면 보광로 877,경기도 파주시 광탄면 마장리 78-2 유일레져타운
167,정상운영,수영장,파주시,장곡리,경기도,하니랜드수영장(실외),경기도 파주시 조리읍 장곡로 218,경기도 파주시 조리읍 장곡리 420-6 하니랜드놀이동산
168,정상운영,수영장,파주시,와동동,경기도,코오롱글로벌(주) 스포렉스 운정행복,경기도 파주시 와석순환로 415 (와동동),경기도 파주시 와동동 1358 운정행복센터
169,폐업,수영장,횡성군,두원리,강원도,웰리힐리수영장,강원도 횡성군 둔내면 고원로 451,
170,정상운영,수영장,송파구,오금동,서울특별시,킨더스윔,서울특별시 송파구 양재대로72길 17 (오금동),
171,폐업,수영장,전주시,,전라북도,웰니스업,"전라북도 전주시 전라북도 전주시 완산구 원효자길 20, 1층 (효자동2가)","전라북도 전주시 전라북도 전주시 완산구 원효자길 20, 1층 (효자동2가)"
172,정상운영,수영장,동구,삼성동,대전광역시,에프스포렉스,대전광역시 동구 태전로114번길 57 (삼성동),대전광역시 동구 삼성동  305-4
173,정상운영,수영장,동구,용운동,대전광역시,용운국제수영장,대전광역시 동구 동부로 138 (용운동),대전광역시 동구 용운동  301-1 용운국제수영장
174,정상운영,수영장,고양시,효자동,경기도,주식회사 북한산워터파크,경기도 고양시 덕양구 북한산로 591-37 (효자동),경기도 고양시 덕양구 효자동  48-8
175,정상운영,수영장,순천시,연향동,전라남도,팔마수영장,전라남도 순천시 팔마로 333 (연향동),전라남도 순천시 연향동  752 순천팔마종합경기장
176,정상운영,수영장,파주시,야당동,경기도,서브마린스위밍클럽(일산파주점),경기도 파주시 동서대로 700 (야당동),
177,정상운영,수영장,남동구,,인천광역시,(주)에이엠스포츠(아쿠아마린키즈스윔),"인천광역시 남동구 인천광역시 남동구 용천로87번길 23, 지층 1호 (구월동, 구월힐스테이트3단지 상가동)","인천광역시 남동구 인천광역시 남동구 용천로87번길 23, 지층 1호 (구월동, 구월힐스테이트3단지 상가동)"
178,폐업,수영장,수성구,만촌동,대구광역시,(주)즐거운세상 인터불고호텔 실외수영장,대구광역시 수성구 팔현길 212 (만촌동),
179,폐업,수영장,경산시,금곡리,경상북도,경산스파월드,경상북도 경산시 남천면 남천로 305-61,경상북도 경산시 남천면 금곡리 668-14
180,폐업,수영장,경주시,,경상북도,드림스포츠센터,경상북도 경주시 보문로 280-34 (북군동),경상북도 경주시 북군동 116 경주교원드림센터
181,정상운영,수영장,달성군,매곡리,대구광역시,달성문화센터수영장,대구광역시 달성군 다사읍 대실역북로2길 188,
182,정상운영,수영장,부평구,갈산동,인천광역시,부평국민체육센터수영장,인천광역시 부평구 부평대로296번길 37 (갈산동),
183,정상운영,수영장,서구,치평동,광주광역시,스위밍 차일드(상무점),광주광역시 서구 치평로 60 (치평동),광주광역시 서구 치평동 1181 삼성리더스빌
184,폐업,수영장,서구,풍암동,광주광역시,스위밍 차일드(풍암점),광주광역시 서구 풍암1로21번길 9-22 (풍암동),광주광역시 서구 풍암동 1116 현인빌딩
185,폐업,수영장,거제시,,경상남도,찬스아이수영장,경상남도 거제시 수양로 456-7 (수월동),경상남도 거제시 수월동 1043-110
186,정상운영,수영장,거제시,,경상남도,이야짐,경상남도 거제시 일운면 지세포3길 99,경상남도 거제시 일운면 지세포리 1122-2
187,정상운영,수영장,거제시,,경상남도,오션사이드수영장,경상남도 거제시 장승로 145 (장승포동),경상남도 거제시 장승포동 426-33 거제문화예술회관
188,정상운영,수영장,거제시,,경상남도,삼성중공업 거제호텔 수영장,경상남도 거제시 장평3로 80-37 (장평동),경상남도 거제시 장평동 444-3 삼성거제호텔
189,정상운영,수영장,중구,부사동,대전광역시,한밭수영장,대전광역시 중구 대종로 373 (부사동),대전광역시 중구 부사동  209-1 한밭종합운동장
190,정상운영,수영장,청주시,사천동,충청북도,충청북도곰두리체육관,충청북도 청주시 청원구 토성로 21 (사천동),충청북도 청주시 청원구 사천동  623-5 곰두리체육관
191,정상운영,수영장,청주시,양청리,충청북도,오창로하스파,충청북도 청주시 청원구 오창읍 중심상업로 39 (오창온천),충청북도 청주시 청원구 오창읍 양청리 792-4 오창온천
192,정상운영,수영장,중구,,인천광역시,이스트타워 클럽올림푸스,인천광역시 중구 영종해안남로321번길 208 (운서동),인천광역시 중구 운서동 2850-1 그랜드하얏트인천 이스트타워
193,정상운영,수영장,중구,,인천광역시,(주)아쿠아팩토리,인천광역시 중구 축항대로 279 (신흥동3가),인천광역시 중구 축항대로 279 (신흥동3가)
194,정상운영,수영장,중구,,인천광역시,골든웨이브,"인천광역시 중구 용유서로 379 (을왕동, 골든스카이리조트)","인천광역시 중구 용유서로 379 (을왕동, 골든스카이리조트)"
195,정상운영,수영장,안동시,,경상북도,태영스포시티,경상북도 안동시 북순환로 421-5  ,경상북도 안동시 북순환로 421-5  
196,정상운영,수영장,삼척시,원당동,강원도,종합사회복지관웰빙센터,강원도 삼척시 원당로2길 72-6 (원당동),강원도 삼척시 원당동  62 삼척종합사회복지관
197,정상운영,수영장,영등포구,문래동5가,서울특별시,아이월드,서울특별시 영등포구 선유로 27 (문래동5가),
198,정상운영,수영장,세종시,용암리,세종특별자치시,고복야외수영장,세종특별자치시  연서면 와룡로 605-6,세종특별자치시  연서면 용암리 315-18
199,정상운영,수영장,경산시,중산동,경상북도,WITH 어린이수영장,경상북도 경산시 경산로54길 27 (중산동),경상북도 경산시 중산동  27
200,정상운영,수영장,남구,봉덕동,대구광역시,홈스파월드수영장,대구광역시 남구 앞산순환로 651 (봉덕동),
201,폐업,수영장,남구,이천동,대구광역시,대봉생활체육센터수영장,대구광역시 남구 대봉로26길 33 (이천동),
202,정상운영,수영장,,문학동,인천광역시,문학박태환수영장,인천광역시 남구 매소홀로 618 (문학동),
203,정상운영,수영장,중구,산성동,대전광역시,대전시립종합복지관수영장,대전광역시 중구 유등천동로 232 (산성동),대전광역시 중구 산성동  120-18
204,정상운영,수영장,창원시,,경상남도,마산실내체육관내수영장,,
205,정상운영,수영장,안양시,호계동,경기도,호계복합청사수영장,경기도 안양시 동안구 경수대로 504 (호계동),경기도 안양시 동안구 호계동  764-5 호계복합청사 및 호계3동 주민센터
206,정상운영,수영장,의왕시,내손동,경기도,의왕시국민체육센터수영장,경기도 의왕시 복지로 27 (내손동),경기도 의왕시 내손동  626 의왕국민체육센터
207,정상운영,수영장,평택시,학현리,경기도,서평택국민체육센터 실내수영장,경기도 평택시 안중읍 서동대로 1531,
208,정상운영,수영장,용인시,,경기도,용인아르피아수영장,죽전동 1003-235,경기 용인시 수지구 죽전동 1003-235
209,정상운영,수영장,양평군,,경기도,여성회관실내수영장,양평읍 양근리 535-8,경기 양평군 양평읍 양근리 535-8
210,정상운영,수영장,음성군,,충청북도,음성군근로자종합복지관(음성스포츠문화회관),음성읍 읍내리 817-37,충북 음성군 음성읍 읍내리 817-37
211,정상운영,수영장,논산시,,충청남도,강경실내수영장,,
212,정상운영,수영장,,송림동,인천광역시,송림체육관수영장,인천광역시 동구 염전로 30 (송림동),
213,정상운영,수영장,서초구,,서울특별시,신동교육문화회관수영장,,
214,정상운영,수영장,구로구,,서울특별시,구로구민체육센터수영장,고척2동산9-14,서울 구로구 고척2동 산 9-14
215,정상운영,수영장,예산군,,충청남도,예지원수영장,예산군 예산읍 수철길 164,
216,정상운영,수영장,고창군,,전라북도,고창청소년수련관수영장,고창읍 월암리 316,전북 고창군 고창읍 월암리 316
217,폐업,수영장,북구,,부산광역시,구포현대수영장,"부산광역시 북구 백양대로 1003, 상가동 지하2층 1호(구포동)",
218,폐업,수영장,춘천시,,강원도,송암야외수영장,춘천시 스포츠타운길 113 (송암동),강원 춘천시 스포츠타운길 113
219,정상운영,수영장,원주시,,강원도,오크밸리수영장,원주시 지정면 오크밸리1길 70,강원 원주시 지정면 오크밸리1길 70
220,정상운영,수영장,안산시,신길동,경기도,신길수영장,"경기도 안산시 단원구 새뿔길 55 (신길동, 삼익아파트)",경기도 안산시 단원구 신길동  1438 삼익아파트
221,정상운영,수영장,용산구,문배동,서울특별시,용산문화체육센터수영장,서울특별시 용산구 백범로 350 (문배동),
222,정상운영,수영장,해운대구,,부산광역시,소수영장,부산광역시 해운대구 해운대해변로 217 (우동),부산 해운대구 해운대해변로 217
223,정상운영,수영장,해운대구,,부산광역시,아이 올림픽,부산광역시 해운대구 재반로125번길 63 (재송동),부산 해운대구 재반로125번길 63
224,정상운영,수영장,용산구,이촌동,서울특별시,용산청소년수련관수영장,서울특별시 용산구 이촌로71길 24 (이촌동),"서울특별시 용산구 이촌동 301-82 이촌제1동주민센터, 용산청소년수련관"
225,정상운영,수영장,,용운동,대전광역시,용운국제수영장,대전광역시 동구 동부로 138 (용운동),대전광역시 동구 용운동 301-1 용운국제수영장
226,정상운영,수영장,양천구,신정동,서울특별시,미진수영장,서울특별시 양천구 신목로 53 (신정동),서울특별시 양천구 신정동 88-5
227,정상운영,수영장,양천구,,서울특별시,목동스포츠센터,서울시 양천구 목동서로 130(목동),서울 양천구 목동서로 130
228,폐업,수영장,서천군,,충청남도,금강웰빙타운,서천군 마서면 장산로855번길 36,
229,폐업,수영장,예산군,,충청남도,덕산싸이판수영장,예산군 덕산면 온천단지3로 84,충남 예산군 덕산면 온천단지3로 84
230,정상운영,수영장,예산군,,충청남도,(주)호반호텔앤리조트,예산군 덕산면 온천단지3로 45-7,
231,폐업,수영장,태안군,,충청남도,아일랜드 리솜 수영장,태안군 안면읍 꽃지해안로 204,
232,정상운영,수영장,전주시,,전라북도,전주권 광역소각자원센터 주민지원협의체,전북 전주시 완산구 정여립로 625 (상림동,전북 전주시 완산구 정여립로 625
233,정상운영,수영장,,,서울특별시,한강시민공원잠원지구수영장,,
234,폐업,수영장,,월계동,광주광역시,남부대시립국제수영장,광주광역시 광산구 첨단중앙로 23 (월계동),광주광역시 광산구 월계동 864-1 남부대학교
235,정상운영,수영장,전주시,,전라북도,㈜비지에이치 코리아 군산호텔,전북 군산시 새만금북로435(오식도동),전북 군산시 새만금북로 435
236,폐업,수영장,정읍시,,전라북도,황토현 푸른터,전라북도 정읍시 고부면 입석4길 53,전북 정읍시 고부면 입석4길 53
237,정상운영,수영장,남원시,,전라북도,하이츠콘도 야외수영장,전북 남원시 장승안길 2-9 (산곡동) ,전북 남원시 장승안길 2-9
238,정상운영,수영장,용인시,,경기도,용인시청소년수련관수영장,삼가동 556,경기 용인시 처인구 삼가동 556
239,정상운영,수영장,영등포구,신길동,서울특별시,신길종합복지관 수영장,서울특별시 영등포구 영등포로84길 24-5 (신길동),
240,정상운영,수영장,중구,흥인동,서울특별시,충무아트홀스포츠센터수영장,서울특별시 중구 퇴계로 387(흥인동),서울특별시 중구 흥인동 131 충무아트센터
241,정상운영,수영장,서초구,,서울특별시,양제천수영장,,
242,정상운영,수영장,,우동,부산광역시,올림픽기념국민생활관수영장,부산광역시 해운대구 APEC로 68 (우동),부산광역시 해운대구 우동  1127-37 부산사회체육센타
243,정상운영,수영장,양천구,,서울특별시,블루라군 수영장,"서울시 양천구 오목로 344, 지하2층(목동)",서울 양천구 오목로 344
244,정상운영,수영장,양천구,신월동,서울특별시,서울특별시 서부여성발전센터,서울특별시 양천구 남부순환로 371 (신월동),서울특별시 양천구 신월동 139-1 서울특별시서부여성발전센터
245,정상운영,수영장,강서구,,서울특별시,KBS 스포츠월드 수영장,서울시 강서구 공항대로 376(화곡동),서울 강서구 공항대로 376
246,정상운영,수영장,강서구,,서울특별시,공항스포렉스,서울시 강서구 방화대로 241(공항동),서울 강서구 방화대로 241
247,정상운영,수영장,강서구,,서울특별시,주)스포웰,서울시 강서구 곰달래로31가길 27 (화곡동),서울 강서구 곰달래로31가길 27
248,정상운영,수영장,강서구,,서울특별시,기쁜우리체육센터,서울시 강서구 허준로 65(가양동),서울 강서구 허준로 65
249,정상운영,수영장,전주시,,전라북도,전주완산수영장,덕진동 1가 1220,전북 전주시 덕진구 덕진동1가 1220
250,정상운영,수영장,서초구,,서울특별시,방배열린문화센터수영장,,
251,정상운영,수영장,무주군,심곡리,전라북도,무주리조트옥외풀장,전라북도 무주군 설천면 만선로 185,
252,폐업,수영장,장수군,,전라북도,타코마 워터파크,장수군 계남면 장수로 2662-11,
253,정상운영,수영장,창원시,,경상남도,시민생활체육관수영장,,상남동43-2
254,정상운영,수영장,구미시,,경상북도,구미시근로자문화센타수영장,,
255,정상운영,수영장,성북구,,서울특별시,성북종합레포츠타운수영장,서울특별시 성북구 한천로58길 307 (석관동),서울특별시 성북구 석관동 382 성북종합레포츠타운
256,정상운영,수영장,담양군,,전라남도,(주)담양온천리조트,담양군 금성면 금성산성길202,전남 담양군 금성면 금성산성길 202
257,폐업,수영장,구례군,,전라남도,지리산송원리조트야외수영장,구례군 산동면 하관길 70-1,전남 구례군 산동면 하관길 70-1
258,정상운영,수영장,영암군,,전라남도,토담골,영암군 학산면 학계길 80,
259,정상운영,수영장,영광군,입암리,전라남도,영광리조트,전라남도 영광군 법성면 입덕길 78-29,전라남도 영광군 법성면 입암리 295-3
260,폐업,수영장,장성군,,전라남도,학교가자캠핑장,장성군 장성읍 안평장동길 13,전남 장성군 장성읍 안평장동길 13
261,,수영장,경주시,,경상북도,힐튼 경주 실외수영장, 경주시 보문로 484-7 (신평동),경북 경주시 보문로 484-7
262,정상운영,수영장,,신암동,대구광역시,동부여성문화회관실내수영장,대구광역시 동구 신암북로11길 54-2 (신암동),대구광역시 동구 신암동  664-21 대구광역시동부여성문화회관
263,정상운영,수영장,,,서울특별시,금천청소년수련관수영장,,
264,정상운영,수영장,용인시,금어리,경기도,용인시민체육센터,경기도 용인시 처인구 포곡읍 금어로 317,
265,정상운영,수영장,해운대구,,부산광역시,코오롱씨클라우드호텔수영장(실외),"부산광역시 해운대구 해운대해변로 287, 4층 (중동)",부산 해운대구 해운대해변로 287
266,폐업,수영장,북구,,대구광역시,㈜호텔인터불고 엑스코,대구광역시 북구 유통단지로 80 (산격동),대구 북구 유통단지로 80
267,정상운영,수영장,달성군,,대구광역시,스파밸리,달성군 가창면 가창로 891,
268,정상운영,수영장,중구,,인천광역시,이스트타워 클럽올림푸스,인천시 중구 영종해안남로 321번길 208(운서동),인천 중구 영종해안남로321번길 208
269,정상운영,수영장,무안군,,전라남도,무안스포츠파크수영장,,
270,정상운영,수영장,의령군,,경상남도,의령국민체육센터수영장,,
271,정상운영,수영장,,,서울특별시,주민편익시설,,
272,정상운영,수영장,성북구,,서울특별시,서울시립성북청소년수련관수영장,서울특별시 성북구 한천로95길 7 (장위동),서울특별시 성북구 장위동 135-2 성북청소년수련관
273,정상운영,수영장,서구,,대전광역시,서구건강체련관수영장,둔산동 1300,대전 서구 둔산동 1300
274,정상운영,수영장,고흥군,호형리,전라남도,종합문화회관실내수영장,전라남도 고흥군 고흥읍 고흥로 1892-67,전라남도 고흥군 고흥읍 호형리 914
275,폐업,수영장,강남구,,서울특별시,삼원휴스포(20)[6레인],"서울특별시 강남구 영동대로 325 (대치동, 해암빌딩)",서울특별시 강남구 대치동 983-1 해암빌딩
276,정상운영,수영장,고양시,대화동,경기도,고양체육관,경기도 고양시 일산서구 중앙로 1601 (대화동),
277,정상운영,수영장,,잠실동,서울특별시,잠실제2수영장,서울특별시 송파구 올림픽로 25 (잠실동),서울특별시 송파구 잠실동  10 서울종합운동장
278,정상운영,수영장,,삼산동,인천광역시,삼산월드체육관수영장,인천광역시 부평구 체육관로 60 (삼산동),인천광역시 부평구 삼산동  458-1 삼산월드체육관
279,정상운영,수영장,강남구,,서울특별시,키즈 스플래쉬(22)[5레인],서울특별시 강남구 압구정로 308 (신사동),서울특별시 강남구 신사동 638-4 경진빌딩
280,정상운영,수영장,강남구,,서울특별시,와우스위밍스쿨(23)[4레인],서울특별시 강남구 압구정로 228 (신사동),서울 강남구 압구정로 228
281,정상운영,수영장,강남구,,서울특별시,지젤어린이 수영장,서울특별시 강남구 역삼로 449 (대치동),서울 강남구 역삼로 449
282,정상운영,수영장,송파구,잠실동,서울특별시,아쿠아키즈,서울특별시 송파구 삼전로 95 (잠실동),
283,정상운영,수영장,송파구,,서울특별시,킨더스윔,서울특별시 송파구 양재대로72길 17 (오금동),
284,정상운영,수영장,송파구,,서울특별시,에이치투오 어린이수영장,서울특별시 송파구 오금로 233 (방이동),
285,정상운영,수영장,전주시,,전라북도,금강해수랜드,전북 군산시 강변로1(금암동),전북 군산시 강변로 1
286,정상운영,수영장,사천시,벌리동,경상남도,사천시 실내수영장,경상남도 사천시 주공로 32-2 (벌리동),
287,정상운영,수영장,북구,,광주광역시,광주장애인종합복지관수영장,,
288,정상운영,수영장,,도원동,인천광역시,도원수영장,인천광역시 중구 샛골로41번길 22 (도원동),인천광역시 중구 도원동  47 인천광역시도원수영장
289,정상운영,수영장,구로구,궁동,서울특별시,궁동종합사회복지관수영장,서울특별시 구로구 오리로22길 5 (궁동),서울특별시 구로구 궁동 108-9 궁동종합사회복지관
290,정상운영,수영장,울주군,,울산광역시,울주군청소년수련관수영장,,
291,폐업,수영장,은평구,구산동,서울특별시,서부재활체육센터수영장,서울특별시 은평구 갈현로11길 30 (구산동),
292,,수영장,은평구,대조동,서울특별시,삼정스포츠,"서울특별시 은평구 서오릉로 94 (대조동, 삼성타운아파트)",
293,정상운영,수영장,관악구,,서울특별시,청소년회관수영장,,
294,정상운영,수영장,화성시,,경기도,화성시그린환경센터주민편익시설수영장,봉답읍 하가등리 107-1,경기 화성시 봉담읍 하가등리 107-1
295,정상운영,수영장,달서구,상인동,대구광역시,달서구청소년수련관수영장,대구광역시 달서구 상화로 420 (상인동),
296,정상운영,수영장,강북구,,서울특별시,청소년수련관수영장,,수유동산20-9
297,정상운영,수영장,화성시,,경기도,유앤아이센터내실내수영장,태안로 145,경기 화성시 태안로 145
298,정상운영,수영장,,,서울특별시,서부여성발전센터수영장,,
299,정상운영,수영장,고양시,마두동,경기도,일산올림픽스포츠센터 수영장,경기도 고양시 일산동구 중앙로 1182 (마두동),
300,정상운영,수영장,유성구,,대전광역시,유성구종합복지센터수영장,,
301,정상운영,수영장,대덕구,,대전광역시,대덕구청소년수련관수영장,, 중리동 101-1
302,정상운영,수영장,동해시,,강원도,근로자종합복지회관수영장,,
303,정상운영,수영장,,,서울특별시,한강공원망원지구수영장,,
304,정상운영,수영장,,,대전광역시,대전시립산성종합복지관수영장,산성동 120-18,대전 중구 산성동 120-18
305,정상운영,수영장,영등포구,신길동,서울특별시,영등포제1스포츠센터 수영장,서울특별시 영등포구 신풍로 1 (신길동),
306,정상운영,수영장,,대화동,대전광역시,체육재활원수영장,대전광역시 대덕구 대화로 10 (대화동),
307,정상운영,수영장,진천군,회죽리,충청북도,진천선수촌 수영센터,충청북도 진천군 광혜원면 선수촌로 105,
308,,수영장,은평구,불광동,서울특별시,아인스포츠 불광스포렉스,서울특별시 은평구 불광로 51 (불광동),서울특별시 은평구 불광동 272-2 불광초등학교
309,정상운영,수영장,은평구,응암동,서울특별시,엔젤스헤이븐,서울특별시 은평구 백련산로4길 16 (응암동),
310,폐업,수영장,은평구,증산동,서울특별시,증산스포츠센터,서울특별시 은평구 증산서길 61 (증산동),
311,정상운영,수영장,서대문구,홍제동,서울특별시,F.M.C 스포츠클럽,서울특별시 서대문구 세무서2길 62 (홍제동),서울특별시 서대문구 홍제동 459 숙명유치원
312,정상운영,수영장,서대문구,,서울특별시,삼성골드수영장,서울특별시 서대문구 증가로191 (삼성아파트 지층),서울 서대문구 증가로 191
313,정상운영,수영장,마포구,아현동,서울특별시,소의스포렉스,서울특별시 마포구 마포대로24길 42 (아현동),
314,정상운영,수영장,마포구,대흥동,서울특별시,아이월드,"서울특별시 마포구 독막로 288 (대흥동, 대흥동세양아파트)",
315,정상운영,수영장,제주시,,제주특별자치도,외도수영장,외도1동 ,제주특별자치도 제주시 외도1동
316,정상운영,수영장,광명시,,경기도,여성회관수영장,소하동 1267번지,경기 광명시 소하동 1267
317,정상운영,수영장,강북구,번동,서울특별시,강북웰빙스포츠센터수영장,서울특별시 강북구 오현로31길 51 (번동),서울특별시 강북구 번동 318 강북웰빙스포츠센타
318,정상운영,수영장,고양시,성사동,경기도,고양어울림누리내 꽃우물수영장,경기도 고양시 덕양구 어울림로 33 (성사동),
319,정상운영,수영장,,,대구광역시,근로자종합복지회관수영장,,
320,정상운영,수영장,성남시,판교동,경기도,분당판교청소년수련관수영장,경기도 성남시 분당구 운중로225번길 37 (판교동),경기도 성남시 분당구 판교동 553 판교도서관
321,정상운영,수영장,구리시,,경기도,구리주민편익시설내수영장,, 토평동 9-1번지일원
322,정상운영,수영장,,상계동,서울특별시,노원청소년수련관수영장,서울특별시 노원구 덕릉로70길 99 (상계동),
323,정상운영,수영장,화성시,,경기도,화성국민체육센터수영장,봉담읍 동화길 18,경기 화성시 봉담읍 동화길 18
324,정상운영,수영장,,성당동,대구광역시,두류수영장,대구광역시 달서구 공원순환로 237 (성당동),대구광역시 달서구 성당동  169-13 두류수영장
325,정상운영,수영장,과천시,문원동,경기도,과천시청소년수련관실내수영장,경기도 과천시 참마을로 9 (문원동),경기도 과천시 문원동 199 청소년수련관
326,정상운영,수영장,,,서울특별시,서울여성프라자수영장,,대방동 345-1
327,정상운영,수영장,태백시,황지동,강원도,국민체육센터수영장,강원도 태백시 번영로 220 (황지동),강원도 태백시 황지동 244-52 태백국민체육센터
328,정상운영,수영장,,,서울특별시,서울시립청소년수련관수영장,,
329,정상운영,수영장,마포구,,서울특별시,마포아트센터수영장,,
330,정상운영,수영장,충주시,,충청북도,충주국민체육센터수영장,음성읍 읍내리 817-37,충북 음성군 음성읍 읍내리 817-37
331,정상운영,수영장,남구,용호동,부산광역시,용호레포츠수영장,부산광역시 남구 동명로152번길 27 (용호동),
332,정상운영,수영장,계양구,계산동,인천광역시,계산수영장,인천광역시 계양구 경명대로972번길 18 (계산동),
333,정상운영,수영장,강화군,,인천광역시,삼별초수영장,강화군 내가면 고비고개로 663,인천 강화군 내가면 고비고개로 663
334,정상운영,수영장,강화군,국화리,인천광역시,산들애캠핑수영장,인천광역시 강화군 강화읍 고비고개로 210-10,인천광역시 강화군 강화읍 국화리 579-2
335,정상운영,수영장,대덕구,,대전광역시,금강로하스산호빛공원 야외수영장,대전광역시 대덕구 대덕대로1527번길 200 (석봉동),
336,정상운영,수영장,울주군,,울산광역시,발리온천개발(주)아쿠아파크(실외),울산시 울주군 온양읍 상발2길 34,울산 울주군 온양읍 상발2길 34
337,,수영장,울주군,중리,울산광역시,범서온천지지워터피아,울산광역시 울주군 범서읍 두동로 704,울산광역시 울주군 범서읍 중리 225-1 범서온천지지워터피아
338,정상운영,수영장,울주군,,울산광역시,에덴파크,울산시 울주군 삼남면 자수정로 112,울산 울주군 삼남면 자수정로 112
339,정상운영,수영장,파주시,금곡리,경기도,쇠꼴마을,경기도 파주시 법원읍 술이홀로1333번길 164,경기도 파주시 법원읍 금곡리 420-6
340,폐업,수영장,이천시,,경기도,이천테르메덴,이천시 모가면 사실로 988,
341,정상운영,수영장,안성시,,경기도,안성 내츄럴리조트,안성시 죽산면 죽양대로 136-16,경기 안성시 죽산면 죽양대로 136-16
342,정상운영,수영장,양천구,,서울특별시,양천구민체육센터수영장,신정동322-10,서울 양천구 신정동 322-10
343,정상운영,수영장,무주군,당산리,전라북도,예체문화관수달수영장,전라북도 무주군 무주읍 한풍루로 326-17,
344,정상운영,수영장,원주시,,강원도,근로자종합복지회관수영장,,
345,정상운영,수영장,강동구,,서울특별시,고덕사회체육센터,서울시 강동구 구천면로93길 12 (상일동),서울 강동구 구천면로93길 12
346,정상운영,수영장,강동구,,서울특별시,키즈토피아,"서울시 강동구 양재대로81길 64, 지층 (성내동)",서울 강동구 양재대로81길 64
347,,수영장,중구,,부산광역시,코모도 실내수영장,부산광역시 중구 중구로 151(영주동),부산 중구 중구로 151
348,정상운영,수영장,강동구,,서울특별시,오션키즈,서울시 강동구 양재대로 1665 (명일동),서울 강동구 양재대로 1665
349,정상운영,수영장,증평군,송산리,충청북도,증평국민체육센터,충청북도 증평군 증평읍 인삼로 23-1,충청북도 증평군 증평읍 송산리 254-1 증평국민스포츠센터
350,정상운영,수영장,서초구,,서울특별시,언남문화체육센터수영장,,
351,정상운영,수영장,성동구,,서울특별시,열린금호교육문화관수영장,,
352,정상운영,수영장,동대문구,,서울특별시,동대문종합사회복지관수영장,,
353,정상운영,수영장,부산진구,,부산광역시,부산적십자회관 수영장,부산광역시 부산진구 동성로 144(전포동),부산 부산진구 동성로 144
354,정상운영,수영장,부산진구,,부산광역시,시민생활체육센터,부산광역시 부산진구 성지곡로 15 (초읍동),부산 부산진구 성지곡로 15
355,정상운영,수영장,남구,대연동,부산광역시,주식회사 센츄리 스포렉스,부산광역시 남구 수영로 312 (대연동),부산광역시 남구 대연동 55-1 21 센츄리시티 오피스텔
356,정상운영,수영장,청도군,,경상북도,비슬자연농원수영장,,청도군 각북면 낙산1길55
357,정상운영,수영장,제주시,,제주특별자치도,메종글래드제주실외수영장,제주시 노연로80(연동),제주특별자치도 제주시 노연로 80
358,정상운영,수영장,도봉구,도봉동,서울특별시,도봉실내수영장,서울특별시 도봉구 도봉로180나길 41 (도봉동),
359,정상운영,수영장,남양주시,이패동,경기도,남양주체육문화센터수영장,경기도 남양주시 다산지금로 51-27 (이패동),경기도 남양주시 이패동 산87
360,정상운영,수영장,중랑구,묵동,서울특별시,중랑구민체육센터 수영장,서울특별시 중랑구 신내로15길 189 (묵동),
361,정상운영,수영장,부천시,소사본동,경기도,소사국민체육센터수영장,경기도 부천시 소사로 108 (소사본동),경기도 부천시 소사본동 400-1
362,정상운영,수영장,영덕군,화개리,경상북도,영덕문화체육센터수영장,경상북도 영덕군 영덕읍 강변길 324,경상북도 영덕군 영덕읍 화개리 608
363,정상운영,수영장,천안시,,충청남도,(주)홍익힐링센터,천안시 동남구 성불사길 36 (안서동),충남 천안시 동남구 성불사길 36
364,정상운영,수영장,,풍암동,광주광역시,광주실내수영장,광주광역시 서구 금화로 278 (풍암동),
365,정상운영,수영장,남동구,,인천광역시,남동국민체육센터수영장,,
366,정상운영,수영장,동래구,온천동,부산광역시,동래구국민체육센터실내수영장,부산광역시 동래구 미남로116번길 3 (온천동),
367,정상운영,수영장,진안군,군상리,전라북도,국민체육센터수영장,전라북도 진안군 진안읍 우화2길 47-9,전라북도 진안군 진안읍 군상리 339-16 군민체육센터
368,정상운영,수영장,동구,화정동,울산광역시,동구국민체육센터수영장,울산광역시 동구 봉수로 153 (화정동),울산광역시 동구 화정동  208-20 동구국민체육센터
369,폐업,수영장,종로구,,서울특별시,청운스포츠센터,서울특별시 종로구 자하문로 105,서울 종로구 자하문로 105
370,정상운영,수영장,중구,,서울특별시,서울YWCA 스포츠센터,서울특별시 중구 명동11길 20,서울 중구 명동11길 20
371,정상운영,수영장,중구,,서울특별시,서울스포츠,서울특별시 중구 손기정로 73,서울 중구 손기정로 73
372,정상운영,수영장,김해시,,경상남도,시민스포츠센터수영장,,
373,폐업,수영장,노원구,,서울특별시,더 코치스,서울특별시 노원구 한글비석로 232 (중계동),서울 노원구 한글비석로 232
374,정상운영,수영장,노원구,,서울특별시,블루키즈 어린이수영장,"서울특별시 노원구 노원로 247, 지5층 (하계동, 서울온천)",서울 노원구 노원로 247
375,정상운영,수영장,천안시,,충청남도,주식회사 홍익스포츠,천안시 동남구 천안대로 802  (신부동),충남 천안시 동남구 천안대로 802
376,정상운영,수영장,춘천시,,강원도,육림풀장,춘천시 영서로  2965 ,강원 춘천시 영서로 2965
377,정상운영,수영장,춘천시,,강원도,올림픽기념국민생활관수영장,,효자동 산40-2
378,정상운영,수영장,서구,마전동,인천광역시,검단복지회관실내수영장,인천광역시 서구 완정로92번길 18 (마전동),인천광역시 서구 마전동 998-5 검단복지회관
379,정상운영,수영장,,용산동,대구광역시,대구광역시달구벌재활스포츠센터수영장,대구광역시 달서구 달구벌대로291길 100 (용산동),
380,정상운영,수영장,천안시,,충청남도,상록수영장,천안시 동남구 수신면 수신로 576,충남 천안시 동남구 수신면 수신로 576
381,정상운영,수영장,천안시,,충청남도,경희대한얼수영장,"천안시 동남구 통정7길 6-6 (신방동,외 1필지)",충남 천안시 동남구 통정7길 6-6
382,정상운영,수영장,제주시,,제주특별자치도,세인트포 휴양콘도미니엄 어린이실외수영장,제주시 구좌읍 선유로 445-46,제주특별자치도 제주시 구좌읍 선유로 445-46
383,정상운영,수영장,제주시,,제주특별자치도,라마다프라자호텔수영,제주시 탑동로 66(삼도2동),제주특별자치도 제주시 탑동로 66
384,정상운영,수영장,서귀포시,,제주특별자치도,금호리조트 아쿠아나,서귀포시 남원읍 태위로 522-12,
385,폐업,수영장,남해군,,경상남도,남해스포츠파크실내수영장,서면 서상리 1182-8,
386,정상운영,수영장,,,서울특별시,장충수영장,,
387,정상운영,수영장,군위군,동부리,경상북도,군위국민체육센터 수영장,경상북도 군위군 군위읍 군청로 158,경상북도 군위군 군위읍 동부리 155 삼국유사문화예술회관
388,정상운영,수영장,남동구,,인천광역시,블루마린어린이전용수영장(논현점),"인천광역시 남동구 소래역남로16번길 75, 지하층 101-2호 (논현동, 에코프라자)",인천 남동구 소래역남로16번길 75
389,정상운영,수영장,부평구,,인천광역시,아쿠아마린 키즈스윔,"부평구 부평대로167번길 13, 지하1층(부평동)",인천 부평구 부평대로167번길 13
390,정상운영,수영장,계양구,작전동,인천광역시,진명스포아트,인천광역시 계양구 계양대로 37 (작전동),
391,정상운영,수영장,영등포구,,서울특별시,한강공원여의도지구수영장,,
392,,수영장,공주시,,충청남도,석수풀장,공주시 유구읍 유구마곡사로 578,
393,정상운영,수영장,아산시,동정리,충청남도,(주)훼미리랜드,충청남도 아산시 염치읍 충무로 547,충청남도 아산시 염치읍 동정리 4-1
394,,수영장,아산시,,충청남도,스파비스실외수영장,아산시 음봉면 아산온천로157번길 67,충남 아산시 음봉면 아산온천로157번길 67
395,정상운영,수영장,아산시,방축동,충청남도,신정호야외수영장,"충청남도 아산시 신정로 609-9, 신정호물놀이장 (방축동)",충청남도 아산시 방축동 467-7 신정호물놀이장 
396,정상운영,수영장,아산시,아산리,충청남도,영인산휴양림 물놀이터,충청남도 아산시 영인면 아산온천로 16-26,충청남도 아산시 영인면 아산리 산56-1
397,정상운영,수영장,금산군,,충청남도,서대산드림리조트,금산군 추부면 성당로 247 ,충남 금산군 추부면 성당로 247
398,정상운영,수영장,서천군,,충청남도,드림월드수영장,서천군 마서면 장산로855번길 20,
399,정상운영,수영장,중랑구,면목동,서울특별시,중랑문화체육관 수영장,서울특별시 중랑구 사가정로72길 47 (면목동),
400,정상운영,수영장,노원구,,서울특별시,중랑천워터파크,,
401,정상운영,수영장,익산시,,전라북도,함열올림픽스포츠센터수영장,익산시 남중동 86-3,전북 익산시 남중동 86-3
402,정상운영,수영장,고양시,백석동,경기도,환경에너지시설수영장,경기도 고양시 일산동구 경의로 84 (백석동),
403,폐업,수영장,성남시,신흥동,경기도,수정청소년수련관수영장,경기도 성남시 수정구 희망로509번길 20 (신흥동),경기도 성남시 수정구 신흥동 466 수정청소년수련관
404,,수영장,서초구,,서울특별시,서울교육연수원, 서울시 서초구 남부순환로 2248 (방배동),
405,정상운영,수영장,서초구,,서울특별시,언남문화체육센터," 서울시 서초구 동산로13길 35(양재동,언남중고공공복합시설 지하1층)",서울 서초구 동산로13길 35
406,정상운영,수영장,서대문구,,서울특별시,서대문체육회관수영장,홍은3동 산26-155,서울 서대문구 홍은2동 산 26-155
407,정상운영,수영장,,부사동,대전광역시,한밭수영장,대전광역시 중구 대종로 373 (부사동),대전광역시 중구 부사동 209-1 한밭종합운동장
408,폐업,수영장,양주시,,경기도,파라다이스,양주시 장흥면 울대리 69-4번지 ,경기 양주시 장흥면 울대리 69-4
409,정상운영,수영장,양주시,,경기도,송추로얄암반수수영장,양주시 장흥면 호국로 576-17,경기 양주시 장흥면 호국로 576-17
410,정상운영,수영장,양주시,,경기도,오림피아 수영장,양주시 장흥면 호국로 176-16,경기 양주시 장흥면 호국로 176-16
411,정상운영,수영장,양주시,,경기도,일영수영장,경기도 양주시 장흥면 일영로502번길 222-68,경기도 양주시 장흥면 삼상리 176-1 
412,정상운영,수영장,양주시,,경기도,현대랜드 수영장,양주시 장흥면 권율로 322-60,
413,정상운영,수영장,양주시,,경기도,뉴파라다이스풀장,양주시 장흥면 권율로 112,경기 양주시 장흥면 권율로 112
414,정상운영,수영장,달성군,설화리,대구광역시,여성문화복지센터수영장,대구광역시 달성군 화원읍 성천로 5,
415,정상운영,수영장,경주시,황성동,경상북도,경주국민체육센터수영장,경상북도 경주시 유림로5번길 85-15 (황성동),경상북도 경주시 황성동 800-10 경주국민체육센터
416,정상운영,수영장,,노은동,대전광역시,월드컵경기장수영장,대전광역시 유성구 월드컵대로 32 (노은동),
417,정상운영,수영장,서구,,인천광역시,블루라군,"인천광역시 서구 청라에메랄드로 134, 상가동 지하1층 101호 (연희동, 호반베르디움앤영무예다움 )",인천 서구 청라에메랄드로 134
418,정상운영,수영장,시흥시,하중동,경기도,시흥시국민체육센터수영장,경기도 시흥시 하중로 226 (하중동),경기도 시흥시 하중동  880-1
419,정상운영,수영장,유성구,송강동,대전광역시,구즉국민체육센터수영장,대전광역시 유성구 송강로42번길 34 (송강동),대전광역시 유성구 송강동  9
420,정상운영,수영장,목포시,,전라남도,목포실내체육관실내수영장,,상동 349-1
421,정상운영,수영장,사하구,감천동,부산광역시,사하구국민체육센터수영장,부산광역시 사하구 감천로 68 (감천동),부산광역시 사하구 감천동 702-1 사하국민체육센터
422,정상운영,수영장,옥천군,문정리,충청북도,옥천국민체육센터,충청북도 옥천군 옥천읍 동부로 39-1,충청북도 옥천군 옥천읍 문정리 420-2 국민체육센터
423,정상운영,수영장,김포시,,경기도,김포사계절썰매장 야외수영장,김포시 월곶면 용강로13번길 38,경기 김포시 월곶면 용강로13번길 38
424,폐업,수영장,김포시,,경기도,장능실외수영장,김포시 장릉로 68 (풍무동),경기 김포시 장릉로 68
425,폐업,수영장,중구,,인천광역시,골든웨이브,인천시 중구 용유서로 379,인천 중구 용유서로 379
426,폐업,수영장,연수구,,인천광역시,청학풀장,인천광역시 연수구 청학로 49 (청학동),인천광역시 연수구 청학동 22-4 청학유치원
427,폐업,수영장,김포시,,경기도,김포스파월드,김포시 월곶면 군하로 65,경기 김포시 월곶면 군하로 65
428,정상운영,수영장,익산시,,전라북도,익산문화체육센터수영장,,
429,정상운영,수영장,용인시,양지리,경기도,양지수영장,경기도 용인시 처인구 양지면 향교로11번길 3,
430,정상운영,수영장,영등포구,당산동4가,서울특별시,영등포제2스포츠센터 수영장,서울특별시 영등포구 국회대로 615 (당산동4가),
431,정상운영,수영장,남양주시,,경기도,와부체육문화센터수영장,,
432,폐업,수영장,연수구,,인천광역시,동남스포피아 수영장,연수구 새말로 27. 지하1층(연수동),인천 연수구 새말로 27
433,정상운영,수영장,연수구,,인천광역시,멤버쉽풀,인천광역시 연수구 동곡재로 16 (동춘동),인천광역시 연수구 동춘동 1113-2
434,정상운영,수영장,속초시,,강원도,한화호텔앤드리조트 실외수영장,속초시 미시령로2983번길 111 (장사동),강원 속초시 미시령로2983번길 111
435,정상운영,수영장,홍천군,,강원도,비발디파크 오션월드,,서면 팔봉리 산125-24
436,정상운영,수영장,달성군,,대구광역시,달성군여성문화복지센터,달성군 화원읍 성천로 5,대구 달성군 화원읍 성천로 5
437,정상운영,수영장,남구,,인천광역시,에이스스포츠센터,인천 남구 주안 4동 300-3,인천 남구 주안4동 300-3
438,,수영장,광주시,도웅리,경기도,스파 라 스파(Spa la Spa),경기도 광주시 도척면 도척윗로 278,경기도 광주시 도척면 도웅리 534
439,정상운영,수영장,기장군,,부산광역시,기장군국민체육센터수영장,부산광역시 기장군 일광읍 체육공원1로 29,부산광역시 기장군 일광읍 원리 39 기장국민체육공원
440,정상운영,수영장,기장군,달산리,부산광역시,기장군청소년수련관수영장,부산 기장군 정관읍 달산리 427,부산 기장군 정관읍 달산리 427
441,정상운영,수영장,기장군,서부리,부산광역시,기장생활체육센터수영장,부산광역시 기장군 기장읍 차성서로109번길 24,부산광역시 기장군 기장읍 서부리 198 기장생활체육공원
442,정상운영,수영장,김포시,,경기도,김포한강스포츠센터,김포시 한강4로 419-37(마산동),김포시 한강4로 419-37(마산동)
443,정상운영,수영장,,좌동,부산광역시,부산한마음스포츠센터수영장,부산광역시 해운대구 세실로 175(좌동),부산광역시 해운대구 좌동 1404 한마음스포츠센터
444,정상운영,수영장,강서구,공항동,서울특별시,공항동문화체육센터수영장,서울특별시 강서구 송정로 45 (공항동),서울특별시 강서구 공항동  60-28
445,정상운영,수영장,송파구,,서울특별시,키즈마린 워터파크,서울특별시 송파구 삼전로 81 (잠실동),
446,정상운영,수영장,송파구,삼전동,서울특별시,(주)스위스키즈베어,서울특별시 송파구 삼학사로 99 (삼전동),
447,정상운영,수영장,칠곡군,석전리,경상북도,칠곡교육문화회관수영장,경상북도 칠곡군 왜관읍 관문로1길 32,경상북도 칠곡군 왜관읍 석전리 254
448,정상운영,수영장,남구,야음동,울산광역시,남구국민체육센터수영장,울산광역시 남구 여천로 38 (야음동),울산광역시 남구 야음동  270-1 남구국민체육센터
449,정상운영,수영장,진주시,,경상남도,키튼드림센터수영장,진주시 서장대로61번길 11 (판문동),경남 진주시 서장대로61번길 11
450,폐업,수영장,통영시,,경상남도,통영실내수영장,통영시 남망공원길 16번지,
451,폐업,수영장,서귀포시,,제주특별자치도,서귀포중학교 실내수영장,서귀포시 태평로474,제주특별자치도 서귀포시 태평로 474
452,정상운영,수영장,서귀포시,,제주특별자치도,(주)마린파크,서귀포시 안덕면 화순서서로 63,
453,정상운영,수영장,양천구,,서울특별시,블루라군수영장,서울시 양천구 목동서로 299 토피아빌딩 B02호(신정동),
454,정상운영,수영장,양천구,,서울특별시,이노스베이 제우스관,서울시 양천구 목동로 183(신정동),
455,정상운영,수영장,양천구,,서울특별시,MEMBERSHIP POOL(멤버십풀),서울시 양천구 목동동로10길 14(신정동) 지층,
456,폐업,수영장,양천구,,서울특별시,휘트니스클럽아로마,서울시 양천구 목동동로 257(목동 현대백화점 목동점 UPLEX 8층),서울 양천구 목동동로 257
457,정상운영,수영장,중구,,서울특별시,Banyan Tree Club&SPA Seoul Oasis,서울특별시 중구 장충단로 60,서울 중구 장충단로 60
458,정상운영,수영장,중구,,서울특별시,㈜호텔신라휘트니스클럽,서울특별시 중구 동호로 249,서울 중구 동호로 249
459,정상운영,수영장,용산구,이태원동,서울특별시,해밀톤호텔수영장,서울특별시 용산구 이태원로 179 (이태원동),
460,정상운영,수영장,광진구,,서울특별시,어린이회관 수영장,서울특별시 광진구 광나루로 441 (능동),서울 광진구 광나루로 441
461,폐업,수영장,북구,,부산광역시,아이스 온 아트,덕천동 763번지 화명생태공원 내,부산 북구 덕천동 763
462,정상운영,수영장,성동구,,서울특별시,짐엔풀,서울특별시 성동구 금호동1가 1558번지 서희빌딩 1층 ,서울 성동구 금호동1가 1558
463,정상운영,수영장,북구,덕천동,부산광역시,화명야외수영장,부산광역시 북구 강변대로 1629 (덕천동),부산광역시 북구 덕천동  763 화명 수상레포츠타운
464,정상운영,수영장,북구,산격동,대구광역시,북구청소년회관실내수영장,대구광역시 북구 검단로 71-17 (산격동),대구광역시 북구 산격동  120 북구청소년회관
465,정상운영,수영장,,,서울특별시,성동청소년수련관수영장,,
466,정상운영,수영장,진주시,초전동,경상남도,진주실내수영장,경상남도 진주시 남강로 1655 (초전동),
467,정상운영,수영장,동두천시,상패동,경기도,청소년문화회관실외수영장,경기도 동두천시 어수로 4 (상패동),경기도 동두천시 상패동 122
468,정상운영,수영장,구미시,,경상북도,구미시청소년수련관,,
469,정상운영,수영장,강서구,,서울특별시,마곡레포츠센터수영장,종암동 54-182번지,서울 성북구 종암동 54-182
470,폐업,수영장,제주시,,제주특별자치도,주식회사 칼호텔 네트워크 실내수영장,제주시 중앙로 151(이도일동),제주특별자치도 제주시 중앙로 151
471,정상운영,수영장,서구,원창동,인천광역시,서구청소년수련관실내수영장,인천광역시 서구 원창로 92 (원창동),
472,정상운영,수영장,진주시,,경상남도,신세계수영장,진주시 석갑로 45 (평거동),경남 진주시 석갑로 45
473,정상운영,수영장,양천구,,서울특별시,신월문화체육센터수영장,,신월동987번지
474,정상운영,수영장,서산시,갈산동,충청남도,서산국민체육센터수영장,충청남도 서산시 안견로 661 (갈산동),
475,정상운영,수영장,서구,검암동,인천광역시,서구국민체육센터실내수영장,인천광역시 서구 승학로 525 (검암동),
476,정상운영,수영장,서구,이현동,대구광역시,서구청소년수련관실내수영장,대구광역시 서구 문화로 122 (이현동),
477,정상운영,수영장,양주시,,경기도,송추워터피아,양주시 장흥면 가마골로 201,경기 양주시 장흥면 가마골로 201
478,정상운영,수영장,포천시,,경기도,㈜예지실업,포천시 내촌면 금강로2536번길 27,경기 포천시 내촌면 금강로2536번길 27
479,폐업,수영장,포천시,,경기도,운악수영장,포천시 화현면 화동로432번길 26,경기 포천시 화현면 화동로432번길 26
480,,수영장,여주시,,경기도,이포리조트수영장,여주시 금사면 장흥로 416,경기 여주시 금사면 장흥로 416
481,폐업,수영장,여주시,,경기도,여주황학산유스호스텔 수영장,여주시 세종로 317(교동),경기 여주시 세종로 317
482,정상운영,수영장,가평군,,경기도,캔싱턴리조트 청평야외수영장,가평군 상면 청군로 430,
483,정상운영,수영장,양평군,,경기도,한화호텔앤드리조트㈜,양평군 옥천면 신복리 143-1,경기 양평군 옥천면 신복리 143-1
484,정상운영,수영장,양평군,화양리,경기도,kobaco연수원,경기도 양평군 강상면 강남로 1375,경기도 양평군 강상면 화양리 45
485,정상운영,수영장,양평군,,경기도,한화호텔앤드리조트㈜,양평군 옥천면 신복리 143-1,경기 양평군 옥천면 신복리 143-1
486,정상운영,수영장,양평군,,경기도,㈜미리내수련원,양평군 지평면 월산저수지길 21,경기 양평군 지평면 월산저수지길 21
487,정상운영,수영장,양평군,,경기도,SN수련원,양평군 용문면 용문로 164번길 42,경기 양평군 용문면 용문로164번길 42
488,정상운영,수영장,양평군,,경기도,쉐르빌수영장,양평군 개군면 신내길 7번길 37,경기 양평군 개군면 신내길7번길 37
489,정상운영,수영장,,연희동,서울특별시,서대문청소년수련관수영장,서울특별시 서대문구 연희로32길 129 (연희동),
490,정상운영,수영장,서귀포시,,제주특별자치도,해비치호텔앤리조트,서귀포시 표선면 민속해안로 537,제주특별자치도 서귀포시 표선면 민속해안로 537
491,폐업,수영장,서귀포시,,제주특별자치도, 해비치호텔&리조트,서귀포시 표선면 민속해안로 537,제주특별자치도 서귀포시 표선면 민속해안로 537
492,정상운영,수영장,서귀포시,,제주특별자치도,제주헬스케어타운콘도미니엄-2,서귀포시 동홍로 443(동홍동),제주특별자치도 서귀포시 동홍로 443
493,정상운영,수영장,서귀포시,,제주특별자치도,켄싱턴 수영장,서귀포시 이어도로 684 (강정동),제주특별자치도 서귀포시 이어도로 684
494,폐업,수영장,서귀포시,,제주특별자치도,토스카나호텔 수영장,서귀포시 용흥로66번길158-7 (강정동),제주특별자치도 서귀포시 용흥로66번길 158-7
495,정상운영,수영장,제주시,,제주특별자치도,㈜지엔엘더호텔제주수영장,제주시 삼무로 67(연동),제주특별자치도 제주시 삼무로 67
496,정상운영,수영장,제주시,,제주특별자치도,마레보야외수영장,제주시 애월읍 신엄안3길 135,제주특별자치도 제주시 애월읍 신엄안3길 135
497,정상운영,수영장,제주시,,제주특별자치도,라헨느리조트(주),제주시 명림로 374(봉개동),제주특별자치도 제주시 명림로 374
498,정상운영,수영장,제주시,노형동,제주특별자치도,버블키즈,"제주특별자치도 제주시 월광로 61 (노형동, 라임빌)",제주특별자치도 제주시 노형동 2844-1 라임빌
499,정상운영,수영장,서귀포시,고성리,제주특별자치도,휘닉스 실내수영장,제주특별자치도 서귀포시 성산읍 섭지코지로 107,
500,정상운영,수영장,화순군,신기리,전라남도,화순군민종합문화센터,전라남도 화순군 화순읍 광덕로 231,
501,정상운영,수영장,해남군,,전라남도,우슬국민체육센터,해남군 해남읍 해남로 72 우슬국민체육센터(내),
502,정상운영,수영장,유성구,원내동,대전광역시,진잠다목적체육관수영장,대전광역시 유성구 계백로 835 (원내동),대전광역시 유성구 원내동  358
503,정상운영,수영장,장성군,,전라남도,장성실내수영장,장성군 장성읍 문화로 81,전남 장성군 장성읍 문화로 81
504,정상운영,수영장,장성군,주산리,전라남도,상무수영장,전라남도 장성군 삼계면 능성로 552,전라남도 장성군 삼계면 주산리 716
505,정상운영,수영장,진도군,,전라남도,진도국민체육센터(진도실내수영장),진도군 진도읍 동외4길 126,
506,정상운영,수영장,포항시,,경상북도,여성문화회관 수영장,포항시 북구 새천년대로933번길 20 (우현동),경북 포항시 북구 새천년대로933번길 20
507,정상운영,수영장,포항시,,경상북도,덕업관어린이수영장,"포항시 남구 뱃머리길39번길 26, 지1층 (대도동)",경북 포항시 남구 뱃머리길39번길 26
508,정상운영,수영장,경주시,,경상북도,힐튼 경주 실내수영장,경주시 보문로 484-7 (신평동),경북 경주시 보문로 484-7
509,정상운영,수영장,경주시,,경상북도,더케이호텔경주 실내수영장,경주시 엑스포로 45 (신평동),경북 경주시 엑스포로 45
510,정상운영,수영장,구미시,,경상북도,새천년사우나스포츠,구미시 인동북길 117 (인의동),경북 구미시 인동북길 117
511,폐업,수영장,문경시,,경상북도,국민체육센터,문경시 점고길 30(모전동),
512,정상운영,수영장,강서구,,서울특별시,키즈돌핀,"서울시 강서구 강서로 324, 지층(내발산동)",서울 강서구 강서로 324
513,정상운영,수영장,영등포구,,서울특별시,(주)와우스포츠아카데미,서울특별시 영등포구 국제금융로 79(여의도동),
514,정상운영,수영장,영등포구,,서울특별시,(주)씨랄라,서울특별시 영등포구 문래로28길 15 (문래동3가),
515,폐업,수영장,동작구,,서울특별시,태평,"서울특별시 동작구 동작대로 115, 6층 (사당동)",서울 동작구 동작대로 115
516,정상운영,수영장,동작구,,서울특별시,오션키즈(사당동),"서울특별시 동작구 동작대로29길 119, 113동 지하1층 (사당동, 극동아파트)",
517,정상운영,수영장,동작구,,서울특별시,오션키즈 대방센터,"서울특별시 동작구 노량진로 26, B1호 (대방동, 솔표빌딩)",서울 동작구 노량진로 26
518,정상운영,수영장,관악구,,서울특별시,몬스터 키즈 풀,"서울특별시 관악구 구암길 106 (봉천동, 관악드림타운 분산상가 지층 01~07호) ",서울 관악구 구암길 106
519,폐업,수영장,관악구,,서울특별시,한국체육산업개발 주식회사,"서울특별시 관악구 조원로 67 (신림동, 서울조원초등학교)",서울 관악구 조원로 67
520,정상운영,수영장,서초구,,서울특별시,한전아트센터 스포츠센터, 서울시 서초구 효령로72길 60(서초동),서울 서초구 효령로72길 60
521,정상운영,수영장,진도군,동외리,전라남도,진도국민체육센터수영장,전라남도 진도군 진도읍 동외4길 126,"전라남도 진도군 진도읍 동외리 994 실내수영장,게이트볼장"
522,정상운영,수영장,진주시,,경상남도,진주학생수영장,진주시 도동천로 2 (상평동),경남 진주시 도동천로 2
523,정상운영,수영장,진주시,,경상남도,삼전실내수영장,진주시 도동로 251 (하대동),경남 진주시 도동로 251
524,,수영장,통영시,,경상남도,금호리조트㈜,통영시 큰발개1길 33번지,경남 통영시 큰발개1길 33
525,정상운영,수영장,김해시,,경상남도,장유스파랜드 수영장,김해시 대청로104번길 84 (삼문동),
526,폐업,수영장,김해시,본산리,경상남도,거산수영장,경상남도 김해시 진영읍 본산1로 29,경상남도 김해시 진영읍 본산리 921
527,정상운영,수영장,양산시,석산리,경상남도,MJ kids 수영장,경상남도 양산시 동면 곡리1길 28,경상남도 양산시 동면 석산리 839-2
528,정상운영,수영장,통영시,동호동,경상남도,통영실내수영장,경상남도 통영시 남망공원길 29 (동호동),경상남도 통영시 동호동 230-1 시민문화회관
529,정상운영,수영장,은평구,,서울특별시,은평구민체육센터수영장,은평구 진관외동 242-23외 1필지,서울 은평구 진관동 242-23
530,정상운영,수영장,의성군,,경상북도,의성청소년센터,의성군 의성읍 충효로 68,경북 의성군 의성읍 충효로 68
531,정상운영,수영장,영덕군,,경상북도,영덕문화체육센터 수영장,영덕군 영덕읍 화개리 608번지,경북 영덕군 영덕읍 화개리 608
532,폐업,수영장,칠곡군,,경상북도,칠곡수영장,칠곡군 왜관읍 관문로1길 32,경북 칠곡군 왜관읍 관문로1길 32
533,정상운영,수영장,예천군,,경상북도,예천청소년수련관 수영장,예천군 예천읍 충효로 393,경북 예천군 예천읍 충효로 393
534,정상운영,수영장,양천구,,서울특별시,목동문화체육센터수영장,,
535,폐업,수영장,서초구,,서울특별시,팔라티움 수영장,"서울시 서초구 사평대로 160(반포동, 더팔래스호텔 6층)",서울 서초구 사평대로 160
536,정상운영,수영장,강남구,,서울특별시,유성,"서울특별시 강남구 압구정로 208(신사동,지하1층)",서울 강남구 압구정로 208
537,정상운영,수영장,양양군,,강원도,문화복지회관수영장,양구읍 상리 399-4,강원 양구군 양구읍 상리 399-4
538,정상운영,수영장,,,서울특별시,강동청소년회관수영장,,
539,폐업,수영장,성동구,,서울특별시,드래곤키즈,서울특별시 성동구 옥수동 560번지,서울 성동구 옥수동 560
540,정상운영,수영장,광진구,,서울특별시,현대프라임스포츠,광진구 광나루로56길 85(구의동),서울 광진구 광나루로56길 85
541,폐업,수영장,광진구,,서울특별시,포슬렌챌린지키즈수영장,광진구 아차산로78길 44(광장동),서울 광진구 아차산로78길 44
542,정상운영,수영장,광진구,,서울특별시,서울여성능력개발원,광진구 아차산로30길36(자양동),서울 광진구 아차산로30길 36
543,정상운영,수영장,광진구,,서울특별시,오션키즈,광진구 아차산로441(구의동),서울 광진구 아차산로 441
544,정상운영,수영장,,,울산광역시,문수실내수영장,,
545,폐업,수영장,경주시,,경상북도,한화호텔&리조트(주)스프링돔(실내.외),"경주시 보문로 182-27 (북군동,한화 제2콘도)",경북 경주시 보문로 182-27
546,,수영장,경주시,,경상북도,아쿠아월드,"경주시 보문로 402-12 (신평동,대명리조트 지하 1층)",경북 경주시 보문로 402-12
547,정상운영,수영장,경주시,,경상북도,교원드림센터,경주시 보문로 280-34 (북군동),경북 경주시 보문로 280-34
548,폐업,수영장,경주시,,경상북도,월성스포츠센터,경주시 양남면 동해안로 603,경북 경주시 양남면 동해안로 603
549,정상운영,수영장,광진구,,서울특별시,찬스아이 수영장,광진구 아차산로 36길 39 지하1,서울 광진구 아차산로36길 39
550,폐업,수영장,동대문구,,서울특별시,우창실내수영장,서울시 동대문구 망우로 123(휘경동),서울 동대문구 망우로 123
551,정상운영,수영장,동대문구,,서울특별시,동대문종합사회 복지관,서울시 동대문구약령시로5길22(제기동),서울 동대문구 약령시로5길 22
552,정상운영,수영장,성북구,,서울특별시,노블레스 스포츠센터,서울특별시 성북구 종암로 90(종암동),서울 성북구 종암로 90
553,정상운영,수영장,성북구,종암동,서울특별시,BOB 어린이 수영장,서울특별시 성북구 종암로 120 (종암동),
554,정상운영,수영장,성북구,,서울특별시,주식회사 코리아스윔비젼,"서울특별시 성북구 동소문로 295, B1호 (길음동)",서울 성북구 동소문로 295
555,폐업,수영장,도봉구,,서울특별시,명성수영장,서울시 도봉구 도당로 10,
556,정상운영,수영장,도봉구,방학동,서울특별시,초당스포츠센터,서울특별시 도봉구 해등로32길 11 (방학동),
557,정상운영,수영장,도봉구,,서울특별시,대우스포츠센터,서울시 도봉구 덕릉로63가길 61,서울 도봉구 덕릉로63가길 61
558,정상운영,수영장,노원구,상계동,서울특별시,금호스포츠센터,서울특별시 노원구 상계로5길 32 (상계동),서울특별시 노원구 상계동 357-2 금호프라자
559,정상운영,수영장,군포시,금정동,경기도,군포시청소년수련관수영장,경기도 군포시 산본로 322 (금정동),경기도 군포시 금정동  847-3 군포시청소년수련관
560,정상운영,수영장,합천군,합천리,경상남도,합천실내수영장,경상남도 합천군 합천읍 장수로 1,경상남도 합천군 합천읍 합천리 923-1 합천군민체육관
561,정상운영,수영장,강진군,호계리,전라남도,강진국민체육센터수영장,전라남도 강진군 군동면 종합운동장길 60,전라남도 강진군 군동면 호계리 1076 강진종합운동장
562,정상운영,수영장,서구,암남동,부산광역시,송도스포츠센터수영장,부산광역시 서구 송도해변로 121 (암남동),부산광역시 서구 암남동  229-10
563,정상운영,수영장,충주시,,충청북도,충주시클린에너지파크(주민편익시설동),,
564,정상운영,수영장,강남구,,서울특별시,나인키즈 스포츠,"서울특별시 강남구 압구정로29길 71 ？(압구정동, 현대아파트)？",서울 강남구 압구정로29길 71
565,정상운영,수영장,서초구,,서울특별시,J&P어린이전용수영장," 서울시 서초구 서초중앙로31길 6-3 (반포동, (지4층))",서울 서초구 서초중앙로31길 6-3
566,정상운영,수영장,서초구,,서울특별시,I-COX(아이콕스),서울시 서초구 사임당로 64 (서초동),서울 서초구 사임당로 64
567,정상운영,수영장,서초구,,서울특별시,키즈 앤 풀 PLUS(반포센터),"서울시 서초구 사평대로 150 (반포동, 궁전상가 (지층01호))",서울 서초구 사평대로 150
568,정상운영,수영장,평택시,합정동,경기도,평택시실내수영장,경기도 평택시 평남로 616 (합정동),
569,정상운영,수영장,강남구,,서울특별시,우성스포츠센터,서울특별시 강남구 개포로110길 15(일원동),서울 강남구 개포로110길 15
570,정상운영,수영장,강남구,,서울특별시,수서청소년수련관,서울특별시 강남구 광평로 144 ？(수서동)？,서울 강남구 광평로 144
571,정상운영,수영장,남구,,광주광역시,남구청소년수련관수영장,,
572,정상운영,수영장,강서구,,부산광역시,강서브라이트센터실내수영장,,사직2동 930
573,정상운영,수영장,강화군,,인천광역시,강화국민체육센터,,
574,정상운영,수영장,군포시,당동,경기도,군포시노동종합복지관수영장,경기도 군포시 용호1로21번길 14 (당동),경기도 군포시 당동  981 군포시근로자종합복지관
575,정상운영,수영장,북구,연암동,울산광역시,오토밸리복지센터수영장,울산광역시 북구 산업로 1020 (연암동),울산광역시 북구 연암동  1121-2 오토벨리복지센터
576,정상운영,수영장,,,인천광역시,계산국민스포츠센터수영장,계산동907-2,
577,정상운영,수영장,중구,,서울특별시,Banyan Tree Club&SPA Seoul Indoor Pool,서울특별시 중구 장충단로 60,서울 중구 장충단로 60
578,폐업,수영장,성동구,,서울특별시,(주)코브디엠씨,서울특별시 성동구 행당동 168-1번지 왕십리민자역사 6층 ,서울 성동구 행당동 168-1
579,정상운영,수영장,노원구,,서울특별시,마린 스포츠센터,서울특별시 노원구 한글비석로 127 (하계동),서울특별시 노원구 하계동 256-5
580,정상운영,수영장,노원구,,서울특별시,오션키즈,"서울특별시 노원구 한글비석로 325, 지하1층 (중계동)",서울 노원구 한글비석로 325
581,정상운영,수영장,동구,,광주광역시,동구국민체육센터수영장,,
582,정상운영,수영장,송파구,,서울특별시,서울곰두리체육센터수영장,,
583,정상운영,수영장,,삼산동,울산광역시,근로자종합복지회관수영장,울산광역시 남구 삼산중로 144 (삼산동),울산광역시 남구 삼산동 1538-1
584,정상운영,수영장,종로구,혜화동,서울특별시,올림픽기념국민생활관수영장,서울특별시 종로구 성균관로 91 (혜화동),
585,정상운영,수영장,송파구,방이동,서울특별시,올림픽공원 수영경기장,서울특별시 송파구 올림픽로 424 (방이동),
586,정상운영,수영장,,자양동,서울특별시,한강공원뚝섬지구수영장,서울특별시 광진구 동일로4길 56-10 (자양동),
587,정상운영,수영장,성남시,,경기도,성남시평생학습관수영장,,분당구 야탑로 104번지
588,정상운영,수영장,이천시,,경기도,이천스포츠센터실내 수영장,이천시 호법면 안평리 684-2,
589,정상운영,수영장,동작구,,서울특별시,흑석체육센터수영장,,흑석동 116-1
590,정상운영,수영장,통영시,남평리,경상남도,통영국민체육센터수영장,경상남도 통영시 산양읍 산양중앙로 100,경상남도 통영시 산양읍 남평리 742 통영산양스포츠파크
591,정상운영,수영장,연제구,,부산광역시,대영 스포렉스,부산광역시 연제구 연안로 25 (연산동),부산 연제구 연안로 25
592,정상운영,수영장,금정구,,부산광역시,금정산온천레포츠,"부산광역시 금정구 구서중앙로15번길 20, 5층 (구서동)",부산 금정구 구서중앙로15번길 20
593,정상운영,수영장,기장군,,부산광역시,스타키즈 수영장,부산광역시 금정구 부곡로 140 (부곡동),부산 금정구 부곡로 140
594,정상운영,수영장,서구,,대구광역시,서구청소년 수련관,대구 서구 문화로 122(이현동),대구 서구 문화로 122
595,정상운영,수영장,서구,,대구광역시,엠스포짐,"대구 서구 문화로 322, 5층(비산동)",대구 서구 문화로 322
596,폐업,수영장,수성구,,대구광역시,강산스포츠센터,대구광역시 수성구 달구벌대로528길 15 (만촌동),
597,정상운영,수영장,삼척시,도계리,강원도,광산근로자복지센터,강원도 삼척시 도계읍 도계느티로 25-18,강원도 삼척시 도계읍 도계리 287-5 도계지역 광산 및 진규폐근로자복지센터
598,정상운영,수영장,,,부산광역시,부산지방공단스포원실내체육관수영장,,사직2동 930
599,정상운영,수영장,구미시,,경상북도,구미근로자종합복지회관수영장,공단동 256-18,경북 구미시 공단동 256-18
600,정상운영,수영장,서구,,광주광역시,여성발전센터수영장,치평동,광주 서구 치평동
601,정상운영,수영장,의왕시,오전동,경기도,여성회관수영장,경기도 의왕시 오전로 122 (오전동),경기도 의왕시 오전동  852 의왕시여성회관
602,정상운영,수영장,부천시,오정동,경기도,오정레포츠센터 수영장,경기도 부천시 상오정로 169 (오정동),경기도 부천시 오정동 782 오정레포츠센터
603,정상운영,수영장,노원구,,서울특별시,노원구민체육센터수영장,중계동360-18,서울 노원구 중계동 360-18
604,정상운영,수영장,광진구,중곡동,서울특별시,중곡문화체육센터수영장,서울특별시 광진구 능동로 433 (중곡동),서울특별시 광진구 중곡동  168-8 중곡문화체육센터
605,정상운영,수영장,광진구,광장동,서울특별시,광진구민체육센터수영장,서울특별시 광진구 구천면로 14 (광장동),서울특별시 광진구 광장동  313-3 광진구민체육센터
606,정상운영,수영장,서구,,대전광역시,남선공원수영장,탄방동 1084,대전 서구 탄방동 1084
607,정상운영,수영장,광주시,송정동,경기도,광주시문화스포츠센터,경기도 광주시 회안대로 891 (송정동),
608,정상운영,수영장,,,서울특별시,서울장애인복지관리포츠센터수영장,,
609,정상운영,수영장,구리시,,경기도,구리청소년수련관수영장,인창동 673-4번지,경기 구리시 인창동 673-4
610,정상운영,수영장,서구,정림동,대전광역시,서구국민체육센터수영장,대전광역시 서구 정림서로 181 (정림동),대전광역시 서구 정림동  402-2 서구국민체육센터
611,정상운영,수영장,,,서울특별시,한강시민공원광나루지구수영장,,
612,정상운영,수영장,정읍시,시기동,전라북도,정읍청소년수련관수영장,전라북도 정읍시 정읍사로 547 (시기동),
613,정상운영,수영장,하남시,망월동,경기도,하남국민체육센터수영장,경기도 하남시 아리수로 600 (망월동),경기도 하남시 망월동  200
614,정상운영,수영장,창원시,,경상남도,우리누리청소년문화센터실내수영장,,
615,정상운영,수영장,서구,,대전광역시,평송청소년수련원수영장,만년동 396,대전 서구 만년동 396
616,정상운영,수영장,횡성군,,강원도,농민문화체육센터수영장,,
617,정상운영,수영장,광산구,,광주광역시,빛고을국민체육센터수영장,,학동
618,정상운영,수영장,,우아동1가,전라북도,전라북도국민체육센터,전라북도 전주시 덕진구 한배미6길 7 (우아동1가),전라북도 전주시 덕진구 우아동1가 1007-1 전라북도국민체육센터
619,정상운영,수영장,아산시,,충청남도,아산실내수영장,방축동 22-5,충남 아산시 방축동 22-5
620,정상운영,수영장,동대문구,,서울특별시,동대문청소년수련관수영장,,
621,정상운영,수영장,동작구,,서울특별시,동작구민체육센터수영장,신대방동 460-1,서울 동작구 신대방동 460-1
622,정상운영,수영장,,남외동,울산광역시,동천국민체육센터수영장,울산광역시 중구 염포로 85-1 (남외동),울산광역시 중구 남외동  507-1 동천국민체육센터
623,정상운영,수영장,용산구,효창동,서울특별시,효창종합사회복지관수영장,서울특별시 용산구 효창원로 146-12 (효창동),"서울특별시 용산구 효창동 5-65 효창종합사회복지관,효창제2경로당"
624,정상운영,수영장,강서구,,서울특별시,강서구민올림픽체육센터수영장,등촌동 707-3,서울 강서구 등촌동 707-3
625,정상운영,수영장,의성군,상리리,경상북도,의성청소년센터수영장,경상북도 의성군 의성읍 충효로 68,경상북도 의성군 의성읍 상리리 637 의성청소년센터
626,정상운영,수영장,양천구,,서울특별시,목동청소년수련관수영장,,
627,정상운영,수영장,성북구,,서울특별시,개운산스포츠센터수영장,서울특별시 성북구 북악산로 949-60 (종암동),서울특별시 성북구 종암동 54-182 성북구의회청사
628,정상운영,수영장,의정부시,,경기도,의정부청소년회관실내수영장,의정부시 의정로27(의정부동),경기 의정부시 의정로 27
629,정상운영,수영장,,자양동,서울특별시,서울여성능력개발원수영장,서울특별시 광진구 아차산로30길 36 (자양동),서울특별시 광진구 자양동 9-13 서울특별시 동부여성발전센타
630,정상운영,수영장,,이곡동,대구광역시,성서운동장수영장,대구광역시 달서구 선원로 133 (이곡동),대구광역시 달서구 이곡동  1325
631,정상운영,수영장,청송군,금곡리,경상북도,종합문화복지타운,경상북도 청송군 청송읍 금월로 244-30,
632,정상운영,수영장,강남구,,서울특별시,역삼청소년수련관수영장,사당동 248-6,서울 동작구 사당동 248-6
633,정상운영,수영장,강릉시,교동,강원도,국민체육센터(수영장),강원도 강릉시 수리골길 76 (교동),강원도 강릉시 교동  458-1 국민체육센터
634,정상운영,수영장,,방천리,대구광역시,서재문화체육센터 수영장,대구광역시 달성군 다사읍 다사로 750,대구광역시 달성군 다사읍 방천리 419-26
635,정상운영,수영장,여주시,상동,경기도,여주노인복지회관수영장,경기도 여주시 여흥로160번길 27 (상동),경기도 여주시 상동  352 노인복지회관
636,정상운영,수영장,,,울산광역시,울산대공원아쿠아시스,,
637,정상운영,수영장,창원시,,경상남도,올림픽기념국민생활관체육관부설수영장,양덕동477,경남 창원시 마산회원구 양덕동 477
638,정상운영,수영장,안동시,옥야동,경상북도,안동청소년수련관수영장,경상북도 안동시 축제장길 42 (옥야동),경상북도 안동시 옥야동  398-20 청소년수련관
639,정상운영,수영장,창원시,,경상남도,진동종합복지관내실내수영장,,
640,정상운영,수영장,동대문구,,서울특별시,동대문구민체육센터수영장,,장안동 356
641,정상운영,수영장,,용산동,대구광역시,대구학생문화센터수영장,대구광역시 달서구 용산로 181 (용산동),대구광역시 달서구 용산동 230-6 대구학생문화센터
642,정상운영,수영장,용인시,풍덕천동,경기도,용인시여성회관YMCA스포츠센터수영장,경기도 용인시 수지구 문정로7번길 15 (풍덕천동),
643,정상운영,수영장,영등포구,,서울특별시,문래청소년수련관수영장,,
644,정상운영,수영장,양주시,,경기도,신흥수영장,양주시 장흥면 유원지로 406-9,경기 양주시 장흥면 유원지로 406-9
645,정상운영,수영장,연수구,,인천광역시,미라클 스포츠(주),"인천광역시 연수구 선학로 101 (선학동, 뉴서울1차아파트)",인천광역시 연수구 선학동 352 뉴서울1차아파트
646,폐업,수영장,충주시,,충청북도,충주수영장,충주시 국원대로 35,충북 충주시 국원대로 35
647,정상운영,수영장,용산구,갈월동,서울특별시,갈월종합사회복지관수영장,서울특별시 용산구 두텁바위로 25 (갈월동),서울특별시 용산구 갈월동 51-19 남영동 주민센터
648,정상운영,수영장,,서대신동3가,부산광역시,부산국민체육센터수영장,부산광역시 서구 대신로 150 (서대신동3가),부산광역시 서구 서대신동3가  210-3 부산국민체육센터
649,정상운영,수영장,제천시,,충청북도,청풍리조트수영장,제천시 청풍면 청풍호로 1763,충북 제천시 청풍면 청풍호로 1763
650,정상운영,수영장,괴산군,관평리,충청북도,청소년 수련마을 보람원,충청북도 괴산군 청천면 대야로 487,충청북도 괴산군 청천면 관평리 412 보람원
651,정상운영,수영장,파주시,,경기도,운정행복센터수영장,와동동 1358,경기 파주시 와동동 1358
652,정상운영,수영장,남양주시,이패동,경기도,남양주시청소년수련관수영장,경기도 남양주시 다산지금로 51-47 (이패동),경기도 남양주시 이패동 715-12 남양주시청소년수련관
653,정상운영,수영장,광진구,자양동,서울특별시,광진문화예술회관수영장,서울특별시 광진구 능동로 76 (자양동),서울특별시 광진구 자양동  227-344 광진문화예술회관 및 구의회청사
654,정상운영,수영장,중구,선화동,대전광역시,중구국민체육센터,대전광역시 중구 선화서로 70 (선화동),대전광역시 중구 선화동  186-14 중구국민체육센터
655,정상운영,수영장,순창군,,전라북도,순창군실내수영장,순창읍 남계리 966-7번지,전북 순창군 순창읍 남계리 966-7
656,정상운영,수영장,동래구,,부산광역시,사직종합운동장실내수영장,,사직2동 930
657,폐업,수영장,해운대구,,부산광역시,노보텔엠배서더 부산수영장,부산광역시 해운대구 해운대해변로 292 (중동),부산 해운대구 해운대해변로 292
658,정상운영,수영장,해운대구,,부산광역시,(주)조선호텔앤리조트 부산 수영장,부산광역시 해운대구 동백로 67 (우동),부산 해운대구 동백로 67
659,정상운영,수영장,해운대구,,부산광역시,트리니티스포츠클럽&스파,부산광역시 해운대구 센텀남대로 35 (우동),부산 해운대구 센텀남대로 35
660,정상운영,수영장,해운대구,,부산광역시,유엔유 키즈수영장,부산광역시 해운대구 해운대해변로 371 (중동),부산 해운대구 해운대해변로 371
661,폐업,수영장,강서구,,부산광역시,명지레포츠센타,부산시 강서구 명지오션시티13로 12-11(명지동),부산 강서구 명지오션시티13로 12-11
662,,수영장,경주시,,경상북도,보문관광(주)경주콩코드호텔수영장(실외), 경주시 보문로 404 (신평동),경북 경주시 보문로 404
663,,수영장,경주시,,경상북도,코오롱엘에스아이(주) 코오롱호텔 실외수영장, 경주시 불국로 289-17 (마동),경북 경주시 불국로 289-17
664,정상운영,수영장,경주시,,경상북도,(주)이랜드파크켄싱턴리조트경주실외수영장, 경주시 보문로 182-29 (북군동),경북 경주시 보문로 182-29
665,정상운영,수영장,경주시,,경상북도,코모도호텔경주실외수영장, 경주시 보문로 422 (신평동),경북 경주시 보문로 422
666,정상운영,수영장,경주시,,경상북도,더케이호텔경주 실외수영장, 경주시 엑스포로 45 (신평동),경북 경주시 엑스포로 45
667,,수영장,경주시,,경상북도,삼봉개발(주)경주지점, 경주시 보문로 544 (천군동),경북 경주시 보문로 544
668,폐업,수영장,구미시,,경상북도,금오랜드수영장,구미시 금오산로 341 (남통동),경북 구미시 금오산로 341
669,정상운영,수영장,김천시,삼락동,경상북도,수영(다이빙)지상훈련장,경상북도 김천시 운동장길 1 (삼락동),경상북도 김천시 삼락동  488-1 김천종합스포츠타운
670,정상운영,수영장,성동구,,서울특별시,마장국민체육센터수영장,,
671,정상운영,수영장,부평구,,인천광역시,여성문화회관수영장,부평2동375-1,부평2동375-1
672,정상운영,수영장,,,서울특별시,수서청소년수련관수영장,,대방동 345-1
673,정상운영,수영장,수성구,,대구광역시,효성스포츠빌덕원수영장,대구광역시 수성구 욱수길 37 (욱수동),
674,폐업,수영장,수성구,,대구광역시,비잔휘트니스,"대구광역시 수성구 동대구로 59 (두산동,대우트럼프월드 수성 C-B3)",
675,정상운영,수영장,수성구,,대구광역시,월드스포츠스쿨 아쿠아센터,대구광역시 수성구 달구벌대로669길 40 (사월동),
676,정상운영,수영장,수성구,,대구광역시,리틀아레나,대구광역시 수성구 달구벌대로 3188 (신매동),
677,정상운영,수영장,수성구,,대구광역시,마린슐레,대구광역시 수성구 동대구로 102 (지산동),
678,정상운영,수영장,달성군,,대구광역시,(주)스파밸리,대구광역시 달성군 가창면 가창로 891,대구광역시 달성군 가창면 냉천리 27-9 
679,정상운영,수영장,평택시,이충동,경기도,이충문화체육센터실내수영장,경기도 평택시 장안웃길 149 (이충동),
680,정상운영,수영장,,,서울특별시,망우청소년수련관수영장,,
681,정상운영,수영장,송파구,,서울특별시,송파구체육문화회관수영장,,
682,정상운영,수영장,금정구,,부산광역시,금정구국민체육센터수영장,,사직2동 930
683,정상운영,수영장,북구,신천동,울산광역시,북구국민체육센터수영장,울산광역시 북구 호계로 416-31 (신천동),울산광역시 북구 신천동  578-1 국민체육센터
684,정상운영,수영장,북구,화명동,부산광역시,북구국민체육센터수영장,부산광역시 북구 화명대로94번길 83 (화명동),부산광역시 북구 화명동  755 와석초등학교
685,폐업,수영장,정선군,,강원도,마운틴콘도 조립식 수영장,정선군 사북읍 사북리 하이원길 265 ,강원 정선군 사북읍 하이원길 265
686,정상운영,수영장,광양시,석사리,전라남도,광양수영장,전라남도 광양시 봉강면 명암길 7,
687,정상운영,수영장,창원시,,경상남도,창원실내수영장,두대동 145,경남 창원시 의창구 두대동 145
688,정상운영,수영장,안산시,고잔동,경기도,안산올림픽실내수영장,경기도 안산시 단원구 적금로 202 (고잔동),경기도 안산시 단원구 고잔동  604
689,정상운영,수영장,광명시,광명동,경기도,광명종합사회복지관,경기도 광명시 오리로 1018 (광명동),경기도 광명시 광명동 158-970 광명종합사회복지관
690,정상운영,수영장,음성군,,충청북도,음성수영장,음성읍 읍내리 817-37,충북 음성군 음성읍 읍내리 817-37
691,정상운영,수영장,전주시,,전라북도,전주덕진수영장,덕진동 1가 1220,전북 전주시 덕진구 덕진동1가 1220
692,정상운영,수영장,양구군,,강원도,청소년수련관수영장,양구읍 상리 399-4,강원 양구군 양구읍 상리 399-4
693,정상운영,수영장,청도군,범곡리,경상북도,청도군건강증진센터수영장,경상북도 청도군 화양읍 청화로 79-11,경상북도 청도군 화양읍 범곡리 96
694,정상운영,수영장,포항시,대도동,경상북도,포항실내수영장,경상북도 포항시 남구 희망대로 810 (대도동),경상북도 포항시 남구 대도동  313-1 포항종합공설운동장
695,정상운영,수영장,군산시,,전라북도,군산월명체육관실내수영장,,사정동 164-1
696,폐업,수영장,고성군,,강원도,(주)대명호텔앤리조트 설악지점 아쿠아월드 실외수영장,고성군 토성면 미시령옛길1153,강원 고성군 토성면 미시령옛길 1153
697,정상운영,수영장,익산시,,전라북도,올림픽기념국민생활관수영장,익산시 남중동 86-3,전북 익산시 남중동 86-3
698,정상운영,수영장,안양시,비산동,경기도,안양실내수영장,경기도 안양시 동안구 평촌대로 389 (비산동),경기도 안양시 동안구 비산동  1023 안양종합운동장
699,정상운영,수영장,성남시,삼평동,경기도,판교스포츠센터수영장,경기도 성남시 분당구 판교로228번길 55 (삼평동),
700,정상운영,수영장,,,대구광역시,올림픽기념국민생활관수영장,본동 산37-5,대구 달서구 본동 산 37-5
701,정상운영,수영장,순천시,석현동,전라남도,문화건강센터 수영장,전라남도 순천시 중앙로 232 (석현동),
702,정상운영,수영장,동작구,,서울특별시,사당문화회관수영장,사당동 248-6,서울 동작구 사당동 248-6
703,정상운영,수영장,예천군,동본리,경상북도,예천청소년수련관수영장,경상북도 예천군 예천읍 충효로 393,경상북도 예천군 예천읍 동본리 434-1 청소년수련관
704,정상운영,수영장,과천시,중앙동,경기도,과천시민회관실내수영장,경기도 과천시 통영로 5 (중앙동),경기도 과천시 중앙동 6-2 과천시민회관
705,정상운영,수영장,장성군,,전라남도,장성국민체육센터수영장,,
706,정상운영,수영장,금천구,,서울특별시,금천구민문화체육센터수영장,금천구 독산4동371-2,서울 금천구 독산4동 371-2
707,정상운영,수영장,강동구,,서울특별시,온조대왕문화체육관수영장,,
708,정상운영,수영장,고성군,,강원도,포유실외수영장,고성군 토성면 잼버리 동로97,강원 고성군 토성면 잼버리동로 97
709,정상운영,수영장,단양군,상진리,충청북도,단양청소년수련관수영장,충청북도 단양군 단양읍 삼봉로 187-18,충청북도 단양군 단양읍 상진리 4-10 단양군청소년수련관
710,정상운영,수영장,,구월동,인천광역시,올림픽기념국민생활관수영장,인천광역시 남동구 구월로 251 (구월동),인천광역시 남동구 구월동  1246 올림픽국민생활체육관
711,정상운영,수영장,남양주시,호평동,경기도,호평체육문화센터수영장,경기도 남양주시 늘을2로 67 (호평동),경기도 남양주시 호평동 620 호평체육문화센터
712,정상운영,수영장,강남구,,서울특별시,강남스포츠문화센터수영장,,수유동산20-9
713,정상운영,수영장,가평군,현리,경기도,조종국민체육센터수영장,경기도 가평군 조종면 조종희망로26번길 16,경기도 가평군 조종면 현리 420-12 조종국민체육센터
714,정상운영,수영장,아산시,방축동,충청남도,신정호야외수영장,충청남도 아산시 신정로 609-9 (방축동),충청남도 아산시 방축동 467-7 신정호물놀이장
715,정상운영,수영장,영도구,,부산광역시,영도구국민체육센터수영장,,
716,정상운영,수영장,의정부시,,경기도,의정부시스포츠센터실내수영장,의정부시 장곡로 101(장암동),경기 의정부시 장곡로 101
717,폐업,수영장,진천군,교성리,충청북도,진천국민체육센터,충청북도 진천군 진천읍 문화로 69-11,
718,정상운영,수영장,화성시,,경기도,동탄복합문화센터내실내수영장,반송동 108,경기 화성시 반송동 108
719,정상운영,수영장,천안시,백석동,충청남도,조이풀 수영장,충청남도 천안시 서북구 백석로 85 (백석동),충청남도 천안시 서북구 백석동 148-14
720,정상운영,수영장,부안군,,전라북도,부안국민체육센터(실내수영장),전북 부안군 부안읍 석정로 165,
721,정상운영,수영장,천안시,,충청남도,천안시시설관리공단 한들문화센터 수영장,"천안시 서북구 음봉로 861-50, 1층 (백석동)",충남 천안시 서북구 음봉로 861-50
722,정상운영,수영장,중구,,인천광역시,중구국민체육센터수영장,,
723,정상운영,수영장,중구,,서울특별시,중구회현체육센터수영장,,
724,정상운영,수영장,천안시,,충청남도,천안스포츠마스터클럽 천안SMC 수영장,"천안시 서북구 봉서산1길 37,지하2층 B202호(쌍용동)",
725,폐업,수영장,아산시,,충청남도,온양그랜드호텔수영장,아산시 충무로20번길 7 (온천동),충남 아산시 충무로20번길 7
726,폐업,수영장,아산시,,충청남도,금호리조트(주)아산스파비스(실내수영장),아산시 음봉면 아산온천로157번길 67,충남 아산시 음봉면 아산온천로157번길 67
727,정상운영,수영장,여수시,,전라남도,전라남도학생교육문화회관,여수시 대통1길 55 (화장동),전남 여수시 대통1길 55
728,정상운영,수영장,목포시,,전라남도,KBS비즈니스 목포스포츠월드,"목포시 부주로 312 (옥암동,목포시민문화센터부지내)",전남 목포시 부주로 312
729,정상운영,수영장,목포시,,전라남도,아쿠아스플래쉬 목포남악점,"전라남도 목포시 남악로 22-14, A동 B108.110.111호 (옥암동, 펠리시티몰)",전라남도 목포시 옥암동 1373 
730,정상운영,수영장,여수시,,전라남도,망마체육센터수영장,여수시 여천체육공원길 49(시전동),전남 여수시 여천체육공원길 49
731,정상운영,수영장,성남시,,경기도,(재)케이티그룹희망나눔재단 KT스포츠센터,"성남시 분당구 불정로 90 (정자동,한국통신사옥 지하2층)",경기 성남시 분당구 불정로 90
732,폐업,수영장,고양시,식사동,경기도,키즈인 킹덤 스위밍 스쿨,경기도 고양시 일산동구 위시티로 34 (식사동),
733,정상운영,수영장,아산시,장재리,충청남도,아쿠아마린어린이 수영장,충청남도 아산시 배방읍 희망로46번길 45-31,충청남도 아산시 배방읍 장재리 1772
734,정상운영,수영장,당진시,,충청남도,스포츠 아이 수영장,당진시 서해로 6258-8 (시곡동),충남 당진시 서해로 6258-8
735,정상운영,수영장,영천시,교촌동,경상북도,종합스포츠센터수영장,경상북도 영천시 운동장로 94 (교촌동),경상북도 영천시 교촌동 336-1 영천시종합스포츠센터
736,정상운영,수영장,부천시,,경기도,고강BK스포츠센터,부천시 오정구 고리울로51번길 34 (고강동 393번지),
737,폐업,수영장,안양시,안양동,경기도,롯데프라자스포츠쎈터,경기도 안양시 만안구 안양로329번길 108 (안양동),
738,정상운영,수영장,정선군,,강원도,㈜강원랜드수영장, 정선군 사북읍 하이원길 265,강원 정선군 사북읍 하이원길 265
739,정상운영,수영장,고성군,,강원도,(주)소노인터내셔널 설악지점 아쿠아월드 실내수영장,고성군토성면미시령옛길1153,강원 고성군 토성면 미시령옛길 1153
740,정상운영,수영장,고성군,,강원도,일성수영장,고성군토성면고성대로47-24,강원 고성군 토성면 고성대로 47-24
741,정상운영,수영장,양양군,,강원도,양양군 문화복지회관 수영장,양양군 양양읍 일출로 540,강원 양양군 양양읍 일출로 540
742,정상운영,수영장,충주시,,충청북도,충주시시설관리공단(환경체육센터),충주시 대소원면 성종두담길 21,충북 충주시 대소원면 성종두담길 21
743,정상운영,수영장,고양시,식사동,경기도,키즈라움,경기도 고양시 일산동구 위시티2로11번길 31 (식사동),
744,정상운영,수영장,고양시,주엽동,경기도,오션키즈 주엽센터,경기도 고양시 일산서구 강선로 96 (주엽동),
745,정상운영,수영장,구리시,수택동,경기도,오션키즈&베이비 구리센터,경기도 구리시 이문안로 106 (수택동),경기도 구리시 수택동 853 럭키아파트 단지내 상가
746,정상운영,수영장,구리시,,경기도,닥터마린키즈수영장,"경기도 구리시 건원대로 56 (인창동, 삼보아파트상가 B15호)",
747,정상운영,수영장,남양주시,,경기도,남양주체육문화센터,남양주시 강변북로 842 (이패동),경기 남양주시 강변북로 842
748,정상운영,수영장,남양주시,,경기도,와부체육문화센터 수영장,남양주시 와부읍 월문천로 43,경기 남양주시 와부읍 월문천로 43
749,정상운영,수영장,성남시,,경기도,사회복지법인 분당사회관,"성남시 분당구 정자일로 33 (금곡동,지하2층)",경기 성남시 분당구 정자일로 33
750,폐업,수영장,성남시,,경기도,BCIS 스포츠 클럽,"성남시 분당구 장안로25번길 6-10 (분당동,지하 1~2층)",경기 성남시 분당구 장안로25번길 6-10
751,정상운영,수영장,성남시,,경기도,스포츠클럽 필립,"성남시 분당구 내정로 58 (정자동,지하 2,3층)",경기 성남시 분당구 내정로 58
752,,수영장,여수시,,전라남도,(주)여수관광레저,여수시 좌수영로 641-0 (둔덕동),전남 여수시 좌수영로 641
753,폐업,수영장,여수시,,전라남도,히든베이호텔,여수시 신월로 496-25 (신월동),전남 여수시 신월로 496-25
754,정상운영,수영장,순천시,,전라남도,팔마수영장,순천시 팔마로 333(연향동),전남 순천시 팔마로 333
755,정상운영,수영장,순천시,,전라남도,유심천건강랜드 수영장,순천시 왕궁길 11(조례동),전남 순천시 왕궁길 11
756,정상운영,수영장,순천시,,전라남도,웰빙수영장,순천시 중앙2길 30(장천동),전남 순천시 중앙2길 30
757,정상운영,수영장,순천시,,전라남도,에코 파크,순천시 백강로 234(조례동),전남 순천시 백강로 234
758,정상운영,수영장,순천시,,전라남도,문화건강센터수영장,순천시 환선로 133(석현동),전남 순천시 환선로 133
759,정상운영,수영장,나주시,우산리,전라남도,중흥골드스파&리조트 수영장,전라남도 나주시 남평읍 나주호로 442-129,전라남도 나주시 남평읍 우산리 2356-4 골드레이크C.C
760,정상운영,수영장,광양시,,전라남도,광양레포츠(수영장),광양시 중마로 410(마동),
761,정상운영,수영장,곡성군,,전라남도,곡성국민체육센터,곡성읍 읍내7길 21,전남 곡성군 곡성읍 읍내7길 21
762,정상운영,수영장,고흥군,,전라남도,문화회관수영장,고흥군 고흥로 1892-67,
763,정상운영,수영장,남양주시,장현리,경기도,진접체육문화센터,경기도 남양주시 진접읍 금강로 1509-24,경기도 남양주시 진접읍 장현리 산25-39 진접체육문화센터
764,정상운영,수영장,남양주시,,경기도,스윔아이,남양주시 경춘로1306번길 9 (평내동),경기 남양주시 경춘로1306번길 9
765,폐업,수영장,평창군,간평리,강원도,켄싱턴호텔평창 수영장,강원도 평창군 진부면 진고개로 231,
766,정상운영,수영장,이천시,도암리,경기도,이천선수촌 수영장,경기도 이천시 신둔면 석동로 167,
767,정상운영,수영장,연천군,옥산리,경기도,연천군청소년수련관수영장,경기도 연천군 연천읍 문화로 150,
768,정상운영,수영장,성남시,,경기도,J&P어린이전용수영장,"성남시 분당구 내정로 10 (정자동,정든마을 근린상가동 지하1호)",경기 성남시 분당구 내정로 10
769,정상운영,수영장,성남시,,경기도,팀식스아쿠아키즈,"성남시 분당구 안골로 12-4 (서현동, 서현빌딩 지하1층)",경기 성남시 분당구 안골로 12-4
770,정상운영,수영장,평택시,,경기도,이충문화체육센터,평택시 이충동 산 19-5,경기 평택시 이충동 산 19-5
771,정상운영,수영장,성남시,이매동,경기도,아쿠아짐,경기도 성남시 분당구 판교로 478 (이매동),경기도 성남시 분당구 이매동 97-6 금강프라자
772,정상운영,수영장,성남시,,경기도,키튼코리아,"성남시 분당구 불정로 219, 지하2층 201호 (정자동, 한솔마을 청구코아상가)",경기 성남시 분당구 불정로 219
773,정상운영,수영장,성남시,,경기도,키즈앤맘 어린이전용수영장,"성남시 분당구 내정로166번길 7-6, 지층 1호 (수내동, 파크타운대림아파트)",경기 성남시 분당구 내정로166번길 7-6
774,정상운영,수영장,,잠실동,서울특별시,잠실제1수영장,서울특별시 송파구 올림픽로 25 (잠실동),서울특별시 송파구 잠실동  10 서울종합운동장
775,정상운영,수영장,장수군,두산리,전라북도,장수한누리수영장,전라북도 장수군 장수읍 한누리로 393,
776,정상운영,수영장,광명시,,경기도,㈜맥슨웰니스수영장,광명시 오리로 1018 (광명동),경기 광명시 오리로 1018
777,정상운영,수영장,광명시,광명동,경기도,광명종합사회복지관 스포츠센타,경기도 광명시 오리로 1018 (광명동),경기도 광명시 광명동 158-970 광명종합사회복지관
778,정상운영,수영장,광명시,소하동,경기도,기아스포츠센터,경기도 광명시 서면로 79 (소하동),경기도 광명시 소하동 1233 기아스포츠문화센터
779,정상운영,수영장,광명시,소하동,경기도,광명시여성비전센터 수영장,경기도 광명시 오리로366번길 6 (소하동),경기도 광명시 소하동 1267 광명시여성비전센터
780,정상운영,수영장,광명시,철산동,경기도,블루라군,경기도 광명시 도덕공원로 17 (철산동),경기도 광명시 철산동 617 도덕파크타운
781,정상운영,수영장,평택시,,경기도,평택시립수영장,평택시 평남로 616,경기 평택시 평남로 616
782,정상운영,수영장,평택시,,경기도,스포피아스포츠센터,"평택시 경기대로 1407, 지하1층",경기 평택시 경기대로 1407
783,정상운영,수영장,평택시,비전동,경기도,오션차일드평택센터,경기도 평택시 경기대로 271 (비전동),
784,정상운영,수영장,동두천시,,경기도,영스포츠타운(수영장),동두천시 중앙로 125 (지행동),
785,폐업,수영장,동두천시,생연동,경기도,소요산 탑 온천랜드 & 스포츠랜드,경기도 동두천시 장고갯로 161-35 (생연동),
786,정상운영,수영장,안산시,본오동,경기도,하이츠실내수영장,경기도 안산시 상록구 반석로 20 (본오동),경기도 안산시 상록구 본오동 880 롯데마트
787,정상운영,수영장,오산시,,경기도,위풀,오산시 운암로 113 (오산동),
788,정상운영,수영장,시흥시,,경기도,시흥시여성회관,시흥시 정왕대로233번길 21 (정왕동),경기 시흥시 정왕대로233번길 21
789,정상운영,수영장,군포시,,경기도,근로자 종합복지관,군포시 용호1로21번길 14(당동),
790,정상운영,수영장,군포시,산본동,경기도,스윔스타즈,"경기도 군포시 번영로 515, 지하1층 (산본동, 유화프라자)",경기도 군포시 산본동 1142-1 지하1층 
791,정상운영,수영장,의왕시,,경기도,의왕시 여성회관 실내수영장,의왕시 오전로 122 (오전동),경기 의왕시 오전로 122
792,정상운영,수영장,의왕시,,경기도,플레이 키즈 스윔,"의왕시 포일로 69, 지하층 (포일동)",
793,정상운영,수영장,하남시,신장동,경기도,키즈앤풀 Plus,경기도 하남시 대청로59번길 15-1 (신장동),
794,정상운영,수영장,종로구,창신동,서울특별시,종로구민회관수영장,서울특별시 종로구 지봉로5길 7-5 (창신동),
795,정상운영,수영장,종로구,사직동,서울특별시,종로문화체육센터수영장,서울특별시 종로구 인왕산로1길 21 (사직동),
796,정상운영,수영장,남양주시,,경기도,오즈 어린이 수영장,"남양주시 순화궁로 116, B101호 (별내동, 노블레스)",경기 남양주시 순화궁로 116
797,정상운영,수영장,남양주시,,경기도,에코-랜드 수영장,남양주시 별내면 청학로8번길 39,경기 남양주시 별내면 청학로8번길 39
798,정상운영,수영장,의정부시,,경기도,동아수영장,의정부시 장곡로 240 (장암동),
799,폐업,수영장,의정부시,의정부동,경기도,우리동네 스포츠센터,경기도 의정부시 신흥로207번길 27 (의정부동),
800,정상운영,수영장,관악구,봉천동,서울특별시,관악구민종합체육센터수영장,서울특별시 관악구 낙성대로3길 37 (봉천동),서울특별시 관악구 봉천동  225 관악구민종합체육센터
801,정상운영,수영장,화순군,옥리,전라남도,금호리조트㈜,전라남도 화순군 북면 옥리길 14-21,
802,폐업,수영장,안양시,석수동,경기도,안양워터랜드,경기도 안양시 만안구 예술공원로 153-32 (석수동),
803,폐업,수영장,안양시,,경기도,도도스포츠센터,안양시 동안구 관악대로 183 (비산동),경기 안양시 동안구 관악대로 183
804,정상운영,수영장,춘천시,후평동,강원도,사회문화센터수영장,강원도 춘천시 후석로440번길 9 (후평동),강원도 춘천시 후평동 257-30 춘천시근로자종합복지관
805,정상운영,수영장,,,서울특별시,한강시민공원잠실지구수영장,,
806,정상운영,수영장,김포시,,경기도,김포청소년수영장,,월곶면 고막리 산82-1
807,정상운영,수영장,산청군,매촌리,경상남도,산청문화예술회관 수영장,경상남도 산청군 금서면 친환경로2631번길 12,경상남도 산청군 금서면 매촌리 80 문화예술회관
808,정상운영,수영장,수원시,,경기도,수정스포츠,수원시 장안구 대평로 128 (정자동),경기 수원시 장안구 대평로 128
809,정상운영,수영장,수원시,,경기도,참스포츠,수원시 장안구 파장로 40 (파장동),경기 수원시 장안구 파장로 40
810,정상운영,수영장,수원시,,경기도,서호노인복지관,수원시 권선구 구운로14번길 8-4 (구운동),경기 수원시 권선구 구운로14번길 8-4
811,정상운영,수영장,곡성군,읍내리,전라남도,곡성군민체육센터수영장,전라남도 곡성군 곡성읍 학교로 50,
812,정상운영,수영장,서구,,인천광역시,인천서부여성회관,,
813,정상운영,수영장,수원시,,경기도,버드네노인복지회관,수원시 권선구 권선로564번길 36 (세류동),경기 수원시 권선구 권선로564번길 36
814,정상운영,수영장,수원시,권선동,경기도,학촌실내수영장,경기도 수원시 권선구 권중로11번길 11 (권선동),경기도 수원시 권선구 권선동 1163-6 학촌유치원
815,폐업,수영장,수원시,,경기도,트레보휘트니스,수원시 팔달구 효원로 288 (인계동),경기 수원시 팔달구 효원로 288
816,폐업,수영장,수원시,,경기도,휘트니스센타PG,수원시 팔달구 인계로 154 (인계동),경기 수원시 팔달구 인계로 154
817,폐업,수영장,수원시,,경기도,수원체육문화센터,수원시 영통구 영통로 383 (영통동),경기 수원시 영통구 영통로 383
818,정상운영,수영장,수원시,,경기도,(주)아이풀 망포점,"수원시 영통구 영통로 136, B01호 (망포동)",경기 수원시 영통구 영통로 136
819,정상운영,수영장,동구,,광주광역시,동구문화센터수영장,,학동
820,정상운영,수영장,양주시,,경기도,양주청소년수련관수영장,,
821,정상운영,수영장,수원시,,경기도,청소년문화센터수영장,인계동 334-1,경기 수원시 팔달구 인계동 334-1
822,정상운영,수영장,청주시,사직동,충청북도,청주실내수영장,충청북도 청주시 서원구 흥덕로 61 (사직동),충청북도 청주시 서원구 사직동  788 국민생활관
823,정상운영,수영장,관악구,신림동,서울특별시,신림체육센터수영장,서울특별시 관악구 난곡로58길 13 (신림동),서울특별시 관악구 신림동  산197-31 신림다목적체육센타
824,정상운영,수영장,부천시,,경기도,반석수영장,부천시 원미구 계남로 106-1 (중동),경기 부천시 계남로 106-1
825,정상운영,수영장,부천시,,경기도,룸비니수영장,부천시 원미구 소사로 367 (원미동),경기 부천시 소사로 367
826,정상운영,수영장,부천시,,경기도,부천YMCA,부천시 원미구 석천로169번길 42 (중동),경기 부천시 석천로169번길 42
827,정상운영,수영장,부천시,,경기도,주식회사 라이프키즈스윔팀,"경기도 부천시 길주로 246, 부천중동리슈빌엔클래스 지하1층 제비101호 (중동)",경기도 부천시 중동 1149 부천중동리슈빌엔클래스 
828,정상운영,수영장,부천시,,경기도,블루마린,"부천시 원미구 중동로 168, B06,B08호 (중동, 복사골건영2차상가)",경기 부천시 중동로 168
829,정상운영,수영장,동구,,울산광역시,동구국민체육센터 수영장,울산광역시 동구 봉수로 153 (화정동),울산 동구 봉수로 153
830,정상운영,수영장,북구,,울산광역시,울산YMCA,울산광역시 북구 명촌6길 9 (진장동),울산 북구 명촌6길 9
831,정상운영,수영장,화성시,,경기도,화성스포츠센터수영장,,화성시 화산중앙로 18 (안녕동)
832,정상운영,수영장,화성시,,경기도,기아스포츠센터,,화성시 우정읍 석천리 산150-16
833,정상운영,수영장,광주시,지월리,경기도,SRC재활체육관,경기도 광주시 초월읍 경수길 25,경기도 광주시 초월읍 지월리 729-5
834,,수영장,포천시,,경기도,아도니스 수영장,포천시 신북면 포천로2414번길 24,경기 포천시 신북면 포천로2414번길 24
835,정상운영,수영장,포천시,,경기도,마홀수영장,포천시 신북면 신평로16번길 207 (일원),경기 포천시 신북면 신평로16번길 207
836,정상운영,수영장,여주시,,경기도,여주시노인복지관 수영장,여주시 여흥로 160번길 27(상동),
837,정상운영,수영장,여주시,,경기도,여주국민체육센터,여주시 신륵로 14(천송동),경기 여주시 신륵로 14
838,정상운영,수영장,양평군,,경기도,양평군실내수영장,양평군 양평읍 마유산로 3,경기 양평군 양평읍 마유산로 3
839,정상운영,수영장,양평군,,경기도,㈜대명레저산업 양평지점 수영장,양평군 개군면 신내길 7번길 55,경기 양평군 개군면 신내길7번길 55
840,정상운영,수영장,춘천시,,강원도,신우수영장," 춘천시 공지로 111 (석사동, 신우수영장)",강원 춘천시 공지로 111
841,정상운영,수영장,강릉시,,강원도,강릉국민체육센터, 강릉시 수리골길 76 (교동),강원 강릉시 수리골길 76
842,정상운영,수영장,동해시,,강원도,동해시근로자복지회관,동해시 동굴로2 (천곡동),강원 동해시 동굴로 2
843,폐업,수영장,원주시,,강원도,원주국민체육센터, 원주시 남원로 551 (명륜동),강원 원주시 남원로 551
844,정상운영,수영장,원주시,단구동,강원도,현진에버빌수영장,"강원도 원주시 단구로 413 (단구동, 현진에버빌5차)",강원도 원주시 단구동 1682-1 현진에버빌5차
845,폐업,수영장,원주시,,강원도,원주농민문화체육센타, 원주시 문막읍 건등로 21,강원 원주시 문막읍 건등로 21
846,폐업,수영장,원주시,,강원도,골프빌리지수영장, 원주시 지정면 오크밸리1길 70,
847,폐업,수영장,원주시,,강원도,원주시근로자종합복지관수영장," 원주시 우산공단길 24  (우산동,지하2층)",
848,정상운영,수영장,원주시,,강원도,스파풀, 원주시 지정면 오크밸리2길 40,강원 원주시 지정면 오크밸리2길 40
849,정상운영,수영장,강릉시,,강원도,강남스포츠센터, 강릉시 성덕포남로188번길 2 (포남동),강원 강릉시 성덕포남로188번길 2
850,정상운영,수영장,강릉시,,강원도,강릉수영장, 강릉시 칠성로 491 (박월동),강원 강릉시 칠성로 491
851,폐업,수영장,광산구,,광주광역시,금호타이어복지관수영장,"광주광역시 광산구 목련로 211, 지하1~2층(운남동)",
852,정상운영,수영장,광산구,장덕동,광주광역시,스위밍차일드,광주광역시 광산구 하남산단3번로 138 (장덕동),광주광역시 광산구 장덕동 992-9
853,정상운영,수영장,광산구,,광주광역시,남부대국제수영장,광주광역시 광산구 첨단중앙로 23(월계동),
854,정상운영,수영장,서구,,대전광역시,서구건강체련관관리사업소,대전광역시 서구 둔산서로 100 (둔산동),
855,폐업,수영장,북구,오룡동,광주광역시,광주과학기술원 스포츠센터,광주광역시 북구 첨단과기로 123 (오룡동),광주광역시 북구 오룡동 1
856,폐업,수영장,유성구,,대전광역시,파랑새아쿠아키즈,대전광역시 유성구 테크노7로 23 (용산동),대전 유성구 테크노7로 23
857,폐업,수영장,동구,,울산광역시,호텔현대 수영장,울산광역시 동구 방어진순환도로 875(전하동),울산 동구 방어진순환도로 875
858,정상운영,수영장,동구,,울산광역시,맘모스 수영장,울산광역시 동구 바드래 1길 30(전하동),울산 동구 바드래1길 30
859,폐업,수영장,동구,,울산광역시,동부회관수영장,울산광역시 동구 안산로 50(동부동),울산 동구 안산로 50
860,정상운영,수영장,동구,,울산광역시,한우리수영장,울산광역시 동구 방어진순환도로 100 (방어동),울산 동구 방어진순환도로 100
861,정상운영,수영장,단양군,,충청북도,단양청소년수련관 수영장,충청북도 단양군 단양읍 삼봉로 187-18,충북 단양군 단양읍 삼봉로 187-18
862,정상운영,수영장,천안시,,충청남도,천안실내수영장,"천안시 서북구 번영로 208,(백석동)",충남 천안시 서북구 번영로 208
863,,수영장,속초시,,강원도,설악파인콘도미니엄수영장, 속초시 관광로408번길 14 \r\n (노학동),강원 속초시 관광로408번길 14
864,정상운영,수영장,홍천군,,강원도,힐링풀,서면 한치골길 262,강원 홍천군 서면 한치골길 262
865,정상운영,수영장,아산시,기곡리,충청남도,(주)파라다이스 도고지점 수영장,충청남도 아산시 도고면 도고온천로 176,충청남도 아산시 도고면 기곡리 180-1
866,정상운영,수영장,서산시,석남동,충청남도,VIP주니어센터,충청남도 서산시 석남1로 36 (석남동),
867,정상운영,수영장,서구,,대전광역시,대전광역시시설관리공단 평송청소년문화센터,대전광역시 서구 둔산대로 201 (만년동),대전광역시 서구 만년동 396 
868,정상운영,수영장,서구,,대전광역시,올림픽기념국민생활관,대전광역시 서구 신갈마로230번길 77 (갈마동),
869,정상운영,수영장,서구,,대전광역시,우리 아이풀(舊 크레피아수영장),대전광역시 서구 계백로 1186 (가수원동),
870,정상운영,수영장,서구,,대전광역시,남선공원종합체육관수영장,대전광역시 서구 남선로 66 (탄방동),
871,정상운영,수영장,서구,,대전광역시,세이브존수영장,대전광역시 서구 둔산로 201 (둔산동),대전 서구 둔산로 201
872,정상운영,수영장,서구,,대전광역시,서구국민체육센터,대전광역시 서구 정림서로 181 (정림동),
873,정상운영,수영장,서구,,대전광역시,스위밍 키즈,대전광역시 서구 대덕대로 194 (둔산동),
874,정상운영,수영장,서구,,대전광역시,로키 스위밍 클럽,대전광역시 서구 둔산중로 38 (둔산동),
875,정상운영,수영장,유성구,,대전광역시,유성호텔실내수영장,대전광역시 유성구 온천로 9 (봉명동),대전 유성구 온천로 9
876,정상운영,수영장,유성구,,대전광역시,진잠다목적체육관,대전광역시 유성구 계백로 835 (원내동),대전 유성구 계백로 835
877,정상운영,수영장,유성구,,대전광역시,구즉국민체육센터,대전광역시 유성구 송강로42번길 34 (송강동),대전 유성구 송강로42번길 34
878,정상운영,수영장,전주시,,전라북도,삼익수영장,전북 전주시 완산구 용리로 127 (삼천동1가) 지하1층 ,전북 전주시 완산구 용리로 127
879,정상운영,수영장,전주시,,전라북도,아쿠아 차일드 서신,전북 전주시 완산구 안터6길 36 (서신동) 지하1층 ,전북 전주시 완산구 안터6길 36
880,,수영장,전주시,,전라북도,(주)스파라쿠아,"전라북도 전주시 완산구 신촌3길 24 (중화산동2가, 스파라쿠아)",전라북도 전주시 완산구 중화산동2가 784-1 스파라쿠아 
881,정상운영,수영장,전주시,,전라북도,전북장애인복지수영장,전북 전주시 완산구 천잠로 277 (효자동3가),전북 전주시 완산구 천잠로 277
882,정상운영,수영장,전주시,,전라북도,도어즈엔터프라이즈(유),전북 전주시 덕진구 송천로 1(송천동1가),전북 전주시 덕진구 송천로 1
883,정상운영,수영장,전주시,,전라북도,굿 스포츠센터,전북 전주시 덕진구 견훤로 489(우아동3가),전북 전주시 덕진구 견훤로 489
884,폐업,수영장,정읍시,,전라북도,YMCA청소년수련관,전라북도 정읍시 정읍사로 547 (시기동),전북 정읍시 정읍사로 547
885,정상운영,수영장,파주시,와동동,경기도,코오롱글로벌(주) 스포렉스 운정행복,경기도 파주시 와석순환로 415 (와동동),경기도 파주시 와동동 1358 운정행복센터
886,정상운영,수영장,남구,,광주광역시,스위밍차일드,"광주광역시 남구 유안초등북길 7, 1층(봉선동)",
887,정상운영,수영장,유성구,,대전광역시,(주)월드스포츠컨설팅,대전광역시 유성구 월드컵대로 32 (노은동),대전 유성구 월드컵대로 32
888,정상운영,수영장,유성구,,대전광역시,유성구종합사회복지관 수영장,"대전광역시 유성구 도안대로589번길 27, 1층 (봉명동)",대전 유성구 도안대로589번길 27
889,정상운영,수영장,울주군,,울산광역시,발리온천개발(주)아쿠아파크(실내),울산시 울주군 온양읍 상발2길 34,울산 울주군 온양읍 상발2길 34
890,폐업,수영장,세종시,,세종특별자치시,주식회사 마린스위밍풀,세종특별자치시 금남면 용포2길 7(1층),세종특별자치시 금남면 용포2길 7
891,정상운영,수영장,안산시,,경기도,월드스포션,"안산시 상록구 감골1로 35, 729동 (사동, 상록수타운월드아파트 월드스포션)",
892,정상운영,수영장,안산시,,경기도,블루라군,"안산시 상록구 예술광장1로 88, 지하2층 (성포동)",
893,정상운영,수영장,안산시,,경기도,(주)한샘레포츠타운(공단점),안산시 단원구 동산로 63(원시동),
894,정상운영,수영장,고양시,마두동,경기도, 노블스포렉스수영장 ,경기도 고양시 일산동구 중앙로 1206 (마두동),
895,폐업,수영장,고양시,중산동,경기도, 늘푸른 수영장 ,경기도 고양시 일산동구 약산길 2 (중산동),
896,정상운영,수영장,무주군,,전라북도,수달수영장,전북 무주군 무주읍 한풍루로 326-17,전북 무주군 무주읍 한풍루로 326-17
897,정상운영,수영장,임실군,이도리,전라북도,임실국민체육센터,전라북도 임실군 임실읍 호국로 1628,
898,폐업,수영장,파주시,위전리,경기도,소디프 금강산랜드,경기도 파주시 월롱면 도감로 130,
899,폐업,수영장,이천시,마암리,경기도,마리나수영장,경기도 이천시 부발읍 무촌로18번길 60-26,
900,정상운영,수영장,김포시,,경기도,키즈 팰리스,"김포시 김포한강11로 288-19, 8층(운양동, 운양프라자)",경기 김포시 김포한강11로 288-19
901,정상운영,수영장,김포시,,경기도,오션차일드 김포점,"김포시 전원로 32, 지하1층 101-1호(장기동, 전원마을)",경기 김포시 전원로 32
902,정상운영,수영장,화성시,,경기도,현대수영장,화성시 남양읍 남양로621번길 36,경기 화성시 남양읍 남양로621번길 36
903,폐업,수영장,북구,,광주광역시,NC스포츠센터,광주 북구 경열로 249(신안동),광주 북구 경열로 249
904,정상운영,수영장,원주시,단계동,강원도,슈퍼키즈스윔,강원도 원주시 백간길 25 (단계동),강원도 원주시 단계동 1216 
905,정상운영,수영장,원주시,관설동,강원도,YS 스윔키즈,강원도 원주시 시청로 524-2 (관설동),
906,정상운영,수영장,남양주시,,경기도,오남체육문화센터수영장,,
907,정상운영,수영장,남양주시,창현리,경기도,화도체육문화센터수영장,경기도 남양주시 화도읍 수레로 1259,경기도 남양주시 화도읍 창현리 529-5
908,폐업,수영장,구로구,,서울특별시,구로남스포츠센터,"서울시 구로구 디지털로27길 76(구로동,구로남초등학교내)",
909,정상운영,수영장,울주군,,울산광역시,가지산수영장,울산시 울주군 상북면 운문로 48,울산 울주군 상북면 운문로 48
910,폐업,수영장,수원시,,경기도,중앙스포츠랜드,수원시 권선구 고색동 27-1,경기 수원시 권선구 고색동 27-1
911,폐업,수영장,수원시,,경기도,새천년수영장,수원시 팔달구 권광로 293 (인계동),경기 수원시 팔달구 권광로 293
912,정상운영,수영장,성남시,,경기도,성남시 평생학습관 스포츠센터,성남시 분당구 판교로 546 (야탑동),경기 성남시 분당구 판교로 546
913,정상운영,수영장,안양시,,경기도,키즈블루 수영장,"경기도 안양시 동안구 귀인로 294, 지층 105호 (평촌동, 꿈마을 동아상가)",경기도 안양시 동안구 평촌동 933-7 꿈마을 동아상가 지층 105호
914,정상운영,수영장,평택시,,경기도,서평택국민체육센터,평택시 안중읍 서동대로 1531,경기 평택시 안중읍 서동대로 1531
915,정상운영,수영장,고양시,화정동,경기도,아쿠아마린 키즈스윔,경기도 고양시 덕양구 화신로 278 (화정동),경기도 고양시 덕양구 화정동 984-3 세일빌딩
916,정상운영,수영장,강남구,,서울특별시,오션키즈(21)[5레인],"서울특별시 강남구 선릉로64길 11-5(대치동,지하1층)",서울 강남구 선릉로64길 11-5
917,정상운영,수영장,송파구,,서울특별시,더블유엘지 문정,"서울특별시 송파구 문정로 83 (문정동, 문정래미안아파트)",
918,폐업,수영장,목포시,,전라남도,(주)산정스포렉스,"목포시 양을로41번길 24 (산정동, 중앙하이츠)",전남 목포시 양을로41번길 24
919,정상운영,수영장,순천시,,전라남도,스카이휘트니스,순천시 비봉2길 4-40(조례동),전남 순천시 비봉2길 4-40
920,정상운영,수영장,영암군,,전라남도,월출산온천관광호텔 야외수영장,영암군 군서면 마한로 331,
921,정상운영,수영장,포항시,,경상북도,포항실내수영장,포항시 남구 희망대로 814 (대도동),경북 포항시 남구 희망대로 814
922,폐업,수영장,구미시,,경상북도,J스포렉스,구미시 금오산로 217-16 (남통동),경북 구미시 금오산로 217-16
923,정상운영,수영장,양산시,삼수리,경상남도,해운수영장,경상남도 양산시 하북면 삼수온천길 38,경상남도 양산시 하북면 삼수리 328-1
924,폐업,수영장,광진구,,서울특별시,정립회관,광진구 워커힐로93(구의동),서울 광진구 워커힐로 93
925,정상운영,수영장,성북구,,서울특별시,에스엔피 키즈풀,"서울특별시 성북구 오패산로 84, 상가동 B01~B04호 (하월곡동, 래미안월곡아파트)",서울 성북구 오패산로 84
926,정상운영,수영장,은평구,갈현동,서울특별시,몬스터키즈풀,서울특별시 은평구 서오릉로 160 (갈현동),
927,정상운영,수영장,마포구,도화동,서울특별시,하와이 키즈풀,"서울특별시 마포구 도화4길 73 (도화동, 현대홈타운)",
928,정상운영,수영장,양천구,,서울특별시,오션키즈강서센터,"서울시 양천구 목동중앙북로7가길 60, 지층(목동)",서울 양천구 목동중앙북로7가길 60
929,정상운영,수영장,안산시,신길동,경기도,안산신길수영장/목욕탕,"경기도 안산시 단원구 새뿔길 55 (신길동, 삼익아파트)",경기도 안산시 단원구 신길동  1438 삼익아파트
930,정상운영,수영장,안산시,사동,경기도,안산호수공원야외수영장,경기도 안산시 상록구 광덕대로 70(사동),경기도 안산시 상록구 사동 1513
931,정상운영,수영장,양주시,,경기도,양주국민체육센터실내수영장,,
932,정상운영,수영장,양주시,,경기도,에코스포츠센터실내수영장,,
933,정상운영,수영장,양천구,,서울특별시,목동청소년회관,"서울시 양천구 목동서로 143(목동,6블럭)",서울 양천구 목동서로 143
934,정상운영,수영장,,,부산광역시,삼락야외수영장,,삼락야외수영장
935,정상운영,수영장,세종시,한솔동,세종특별자치시,한솔중학교수영장,세종특별자치시  나리로 43 (한솔동),세종특별자치시  한솔동  975 한솔중학교
936,정상운영,수영장,세종시,아름동,세종특별자치시,1-2생활권(아름동)스포츠센터수영장,세종특별자치시  보듬3로 126 (아름동),세종특별자치시  아름동  1324 스포츠센터
937,정상운영,수영장,남구,,울산광역시,울산대공원아쿠아시스수영장,,
938,정상운영,수영장,,십정동,인천광역시,열우물경기장,인천광역시 부평구 열우물로 164 (십정동),
939,정상운영,수영장,파주시,야당동,경기도,아이푸른 어린이수영장,경기도 파주시 경의로 1080 (야당동),경기도 파주시 야당동 1070
940,폐업,수영장,안성시,,경기도,금광관광농원수영장,안성시 금광면 현곡길 353,경기 안성시 금광면 현곡길 353
941,정상운영,수영장,상주시,복룡동,경상북도,상주국민체육센터수영장,경상북도 상주시 영남제일로 1432 (복룡동),
942,정상운영,수영장,,대저1동,부산광역시,강서체육공원실내수영장,부산광역시 강서구 체육공원로 43 (대저1동),부산광역시 강서구 대저1동  2155 강서체육공원
943,정상운영,수영장,도봉구,창동,서울특별시,창동시립체육센터수영장,서울특별시 도봉구 노해로69길 132 (창동),서울특별시 도봉구 창동  1-6 창동운동장 및 문화체육센터
944,정상운영,수영장,목포시,,전라남도,실내수영장,,상동349-1
945,정상운영,수영장,제주시,,제주특별자치도,아덴힐리조트수영장,제주시 한림읍 화전길82,제주특별자치도 제주시 한림읍 화전길 82
946,정상운영,수영장,서귀포시,,제주특별자치도,해비치수영장,서귀포시 표선면 민속해안로 537,제주특별자치도 서귀포시 표선면 민속해안로 537
947,정상운영,수영장,서귀포시,고성리,제주특별자치도,휘닉스 실외수영장,제주특별자치도 서귀포시 성산읍 섭지코지로 107,
948,폐업,수영장,해운대구,,부산광역시,그랑풀수영장,부산광역시 해운대구 해운대해변로 217 (우동),부산 해운대구 해운대해변로 217
949,정상운영,수영장,해운대구,,부산광역시,해운대교육청공동체육관 수영장,부산광역시 해운대구 세실로 137 (좌동),
950,정상운영,수영장,해운대구,,부산광역시,(주)파라다이스호텔부산신관수영장(실외),부산광역시 해운대구 해운대해변로 296 (중동),부산 해운대구 해운대해변로 296
951,폐업,수영장,수성구,,대구광역시,수성수영장,"대구광역시 수성구 상화로5길 40 (상동,수성초등학교 지하1층)",
952,정상운영,수영장,중구,,인천광역시,웨스트타워 클럽올림푸스,인천시 중구 영종해안남로321번길 190 (운서동),인천 중구 영종해안남로321번길 190
953,정상운영,수영장,남동구,,인천광역시,아쿠아마린 키즈스윔 구월점,"인천광역시 남동구 용천로87번길 23, B2호 (구월동, 구월힐스테이트3단지 상가)",인천 남동구 용천로87번길 23
954,정상운영,수영장,강화군,,인천광역시,바다의별 청소년수련원,강화군 내가면 고비고개로741번길 107,인천 강화군 내가면 고비고개로741번길 107
955,정상운영,수영장,서구,,대전광역시,프렌즈 아쿠아 키즈풀,대전광역시 서구 도안남로 116 (관저동),
956,정상운영,수영장,유성구,,대전광역시,나래스포츠,대전광역시 유성구 반석동로 51-15 (반석동),대전 유성구 반석동로 51-15
957,정상운영,수영장,광주시,,경기도,금원수목원수영장,광주시 남종면 태허정로 389,경기 광주시 남종면 태허정로 389
958,정상운영,수영장,양주시,,경기도,죠이 타운,양주시 장흥면 유원지로 25-14,경기 양주시 장흥면 유원지로 25-14
959,정상운영,수영장,연천군,,경기도,연천청소년수련관,연천군 연천읍 문화로 140,경기 연천군 연천읍 문화로 140
960,정상운영,수영장,가평군,,경기도,클럽인너,가평군 가평읍 북한강변로382,경기 가평군 가평읍 북한강변로 382
961,정상운영,수영장,양평군,,경기도,㈜대명레저산업 양평지점 실외수영장,양평군 개군면 신내길 7번길 55,경기 양평군 개군면 신내길7번길 55
962,폐업,수영장,원주시,,강원도,연세스포츠센터수영장, 원주시 흥업면 무수막1길 44,강원 원주시 흥업면 무수막1길 44
963,정상운영,수영장,동해시,,강원도,(주)동해 그랜드 관광호텔,강원도 동해시 동해대로 6285 (망상동),강원도 동해시 망상동 396-18 
964,정상운영,수영장,태백시,,강원도,하늘수영장,태백시 서학로 861 (황지동),
965,정상운영,수영장,고성군,,강원도,아이파크콘도 수영장,강원도 고성군 토성면 고성대로 75-16,강원도 고성군 토성면 원암리 362-1 
966,정상운영,수영장,양양군,,강원도,(주)소노인터내셔널,"강원도 양양군 손양면 선사유적로 678, 대명쏠비치호텔&리조트",강원도 양양군 손양면 오산리 23-4 대명쏠비치호텔&리조트 
967,정상운영,수영장,천안시,,충청남도,주)블루마린,"천안시 동남구 신촌4로 16 (신방동, 초원아파트 상가1동 지하101호)",충남 천안시 동남구 신촌4로 16
968,정상운영,수영장,화성시,,경기도,주식회사 아이풀 동탄지점,"화성시 병점중앙로169번길 9, 지하1층 (진안동)",경기 화성시 병점중앙로169번길 9
969,정상운영,수영장,화성시,,경기도,아이월드,화성시 반월북길 49 (반월동),경기 화성시 반월북길 49
970,정상운영,수영장,아산시,방축동,충청남도,아산시실내수영장,충청남도 아산시 신정로 685 (방축동),충청남도 아산시 방축동 22-5
971,폐업,수영장,서산시,갈산동,충청남도,서산국민체육센터,충청남도 서산시 안견로 661 (갈산동),
972,정상운영,수영장,서천군,,충청남도,덕암스파,서천군 마서면 장서로 524,
973,정상운영,수영장,홍성군,대교리,충청남도,서울스포렉스,충청남도 홍성군 홍성읍 의사로52번길 15-3,충청남도 홍성군 홍성읍 대교리 626
974,폐업,수영장,전주시,,전라북도,학전 수영장,전북 전주시 완산구 학전길 13 (원당동),전북 전주시 완산구 학전길 13
975,정상운영,수영장,익산시,,전라북도,키즈풀,전북 익산시 고봉로 18길 28 (영등동),전북 익산시 고봉로18길 28
976,정상운영,수영장,무주군,당산리,전라북도,무주종합수련원 수영장,전라북도 무주군 무주읍 괴목로 1330,
977,정상운영,수영장,문경시,호계리,경상북도,성보촌야외수영장,경상북도 문경시 호계면 상무로 377,
978,정상운영,수영장,청주시,사창동,충청북도,현대스포랜드(주),충청북도 청주시 서원구 사직대로 140 (사창동),충청북도 청주시 서원구 사창동  261-4 현대코아
979,정상운영,수영장,진주시,,경상남도,진주실내수영장,진주시 남강로 1655 (초전동),경남 진주시 남강로 1655
980,정상운영,수영장,송파구,,서울특별시,키즈웨일즈,서울특별시 송파구 동남로 207 (가락동),
981,,수영장,경주시,,경상북도,한화호텔&리조트(주)홍원기, 경주시 보문로 182-27 (북군동),경북 경주시 보문로 182-27
982,정상운영,수영장,서초구,,서울특별시,신사스포츠센타, 서울시 서초구 나루터로 43 (잠원동),서울 서초구 나루터로 43
983,정상운영,수영장,수성구,,대구광역시,P&S 수영장,대구광역시 수성구 화랑로2길 42 (만촌동),대구광역시 수성구 만촌동 418-14 
984,정상운영,수영장,양주시,,경기도,장흥수영장,양주시 장흥면 권율로 142-1,경기 양주시 장흥면 권율로 142-1
985,정상운영,수영장,동구,,울산광역시,서부회관수영장,울산광역시 동구 방어진 순환도로 995-2 (서부동),울산 동구 방어진순환도로 995-2
986,정상운영,수영장,고양시,,경기도,토이키즈 스윔클럽,"고양시 덕양구 고양대로 1399 (성사동,지하1층)",경기 고양시 덕양구 고양대로 1399
987,정상운영,수영장,남양주시,,경기도,화도체육문화센터,남양주시 화도읍 수레로 1259 (화도체육문화센터),경기 남양주시 화도읍 수레로 1259
988,정상운영,수영장,전주시,,전라북도,태평양수영장,전북 전주시 덕진구 기린대로 358(금암동),전북 전주시 덕진구 기린대로 358
989,정상운영,수영장,성남시,,경기도,YMCA주공스포츠센타수영장,"성남시 분당구 성남대로54번길 3 (구미동, 주공별관 지하1층)",경기 성남시 분당구 성남대로54번길 3
990,,수영장,서귀포시,,제주특별자치도,아쿠아랜드,서귀포시 월드컵로 31(법환동),제주특별자치도 서귀포시 월드컵로 31
991,정상운영,수영장,장흥군,,전라남도,수영장,장흥군 장흥읍 행원리 1036,전남 장흥군 장흥읍 행원리 1036
992,정상운영,수영장,아산시,기곡리,충청남도,도고글로리 수영장,충청남도 아산시 도고면 도고온천로 124-23,충청남도 아산시 도고면 기곡리 17-10 도고글로리
993,폐업,수영장,용인시,,경기도,수지로얄스포츠센터,수지구 풍덕천로 119 (풍덕천동),
994,정상운영,수영장,용인시,동천동,경기도,키즈에끌 주식회사,경기도 용인시 수지구 동천로 363-11 (동천동),경기도 용인시 수지구 동천동 595-11
995,정상운영,수영장,중구,,서울특별시,서울덕수초교 수영장,서울특별시 중구 덕수궁길 140,서울 중구 덕수궁길 140
996,정상운영,수영장,용인시,,경기도,발렌스 스포츠센타,"수지구 성복2로 51 (성복동,YK타운 A동 지하1,2층)",
997,정상운영,수영장,용인시,,경기도,에스제이아쿠아,경기도 용인시 수지구 수풍로71번길 17 (동천동),경기도 용인시 수지구 동천동 462-4 수지문화센터
998,폐업,수영장,용인시,,경기도,K&D스포츠클럽," 수지구 현암로 73 (죽전동,지하1층)",
999,정상운영,수영장,춘천시,,강원도,호텔정관루 워터가든,춘천시 남산면 남이섬길 1,강원 춘천시 남산면 남이섬길 1
1000,정상운영,수영장,달서구,용산동,대구광역시,대구학생문화센터 수영장,대구광역시 달서구 용산로 181 (용산동),대구광역시 달서구 용산동  230-6 대구학생문화센터
